seed,mixing,interaction,rA,rV,rate,pair_x_corr_pre,pair_q_corr_pre,pair_x_corr_post,pair_q_corr_post,mutual_elev_pre,mutual_elev_post,repeat1,repeat5,repeat20,mean_pair_distance,same_family,unique_partners_frac,degree_cv,pair_digest
101,random,directed,0.568893,0.411271,0.463216,0.99745,0.715246,0.997413,0.714533,0.0170183,0.0169908,0.000248292,0.00124579,0.00499313,0.249939,0.000751167,0.776964,0.00745766,15088318594308599739
202,random,directed,0.617695,0.408194,0.117295,0.998014,0.681194,0.997994,0.680384,0.0153072,0.0152846,0.00025025,0.00126121,0.00498137,0.250013,0.000755625,0.776921,0.00756327,4914822966185049061
303,random,directed,0.334358,0.298345,0.458724,0.996029,0.717977,0.995988,0.717277,0.0223032,0.0222555,0.000257208,0.00126721,0.00501758,0.249988,0.000755875,0.777128,0.00737308,4592148954548078428
404,random,directed,0.611926,0.397755,0.292363,0.997491,0.741884,0.997458,0.741196,0.0100012,0.00997208,0.000246917,0.00124263,0.00497792,0.250017,0.000751167,0.776937,0.00753053,3352798620045422019
505,random,directed,0.613256,0.410901,0.326821,0.997952,0.693245,0.997931,0.692636,0.0141587,0.014136,0.000249833,0.00124642,0.00497342,0.250075,0.000749875,0.776984,0.00755014,4759851087943297059
606,random,directed,0.567761,0.384444,0.277663,0.996803,0.712884,0.996769,0.712199,0.010555,0.0105261,0.000245375,0.00124925,0.00497938,0.250033,0.000751417,0.77707,0.00749838,7977712089098221410
707,random,directed,0.605075,0.405199,0.377366,0.996666,0.745551,0.996631,0.74484,0.0180415,0.0180086,0.000251625,0.00124433,0.00500767,0.250064,0.000753083,0.7769,0.00757266,6626978477444108832
808,random,directed,0.0543149,0.057648,0.218543,0.996884,0.714027,0.996848,0.713348,0.013738,0.0137063,0.000253,0.00125704,0.00498008,0.249972,0.00076575,0.777084,0.00741391,8938853467923338380
909,random,directed,0.639026,0.464923,0.455796,0.996563,0.733018,0.996524,0.732315,0.0162937,0.016252,0.0002505,0.00125346,0.00497383,0.250069,0.000752875,0.776947,0.00752852,7523379821232620433
1010,random,directed,0.585342,0.391427,0.256855,0.997492,0.748767,0.997467,0.747942,0.00998771,0.00996033,0.000249208,0.00125512,0.00500408,0.250009,0.000754333,0.776965,0.00743481,6095443981521357002
1111,random,directed,0.566545,0.451032,0.238102,0.997534,0.0538,0.997509,0.0537764,0.0101167,0.010092,0.000253292,0.00124229,0.00496321,0.249993,0.000757042,0.776964,0.00752269,1709130890311390258
1212,random,directed,0.453934,0.357849,0.329146,0.997664,0.677975,0.997629,0.677178,0.0182512,0.0182107,0.000253875,0.00125404,0.00497179,0.250046,0.000759,0.777098,0.00742463,6566218846149515846
1313,random,directed,0.0911395,0.0720055,0.167389,0.99771,0.71744,0.997676,0.716773,0.00587154,0.00584687,0.000246958,0.00123329,0.00495179,0.250017,0.000740667,0.776967,0.00755931,5265459889430765273
1414,random,directed,0.0911465,0.0525631,0.133543,0.998472,0.738583,0.998455,0.737877,0.00721279,0.007194,0.000253708,0.00125592,0.00501025,0.250002,0.000749542,0.776885,0.00760257,16757399655768377468
1515,random,directed,0.150756,0.119377,0.181665,0.996898,0.681211,0.996863,0.680445,0.0196943,0.0196607,0.000249792,0.00123833,0.00497154,0.250014,0.000747333,0.777042,0.0076005,15553783089522774953
1616,random,directed,0.550746,0.420698,0.341691,0.995944,0.719158,0.995903,0.718462,0.0154132,0.0153783,0.000248542,0.00124025,0.00495483,0.249901,0.000745375,0.776983,0.00735584,2925567432917206370
1717,random,directed,0.278965,0.180038,0.27598,0.997475,0.736138,0.997443,0.735461,0.0133073,0.0132833,0.000245875,0.00124546,0.00497533,0.249971,0.000754083,0.776863,0.007516,5315331658029473431
1818,random,directed,0.230526,0.1681,0.258216,0.996854,0.727412,0.996816,0.726757,0.0106138,0.0105791,0.00024875,0.00124833,0.00498092,0.250039,0.000752333,0.776984,0.0074645,8503298889816827995
1919,random,directed,0.666177,0.451103,0.168912,0.996999,0.719279,0.996965,0.718618,0.00949738,0.00947008,0.000247792,0.00125738,0.00498883,0.25,0.000742542,0.776932,0.00757751,2554226534663858501
2020,random,directed,0.058793,0.0387218,0.390387,0.995164,0.758432,0.995112,0.757735,0.0185205,0.0184763,0.000247333,0.00124304,0.0049755,0.250027,0.000748833,0.777025,0.00761971,412551867755059251
2121,random,directed,0.390749,0.318655,0.278798,0.996364,0.745378,0.996323,0.744723,0.00731042,0.00728204,0.000244667,0.00124421,0.00498804,0.249991,0.000762792,0.777061,0.00749711,6823530061885106871
2222,random,directed,0.404112,0.308056,0.350257,0.997264,0.699373,0.997236,0.698665,0.0162836,0.0162514,0.00024525,0.00125012,0.00496062,0.250029,0.000744958,0.776945,0.00748623,9549826686038314684
2323,random,directed,0.352242,0.289905,0.230302,0.997785,0.73133,0.997762,0.730657,0.00791871,0.00789346,0.000246417,0.00123871,0.0049785,0.249976,0.000751333,0.777072,0.00758341,12942702738109462900
2424,random,directed,0.659384,0.43008,0.149288,0.9983,0.744335,0.998278,0.743681,0.0114605,0.0114317,0.000253083,0.00125804,0.00500662,0.250081,0.0007485,0.776999,0.0074595,1924404037196765821
2525,random,directed,0.738038,0.464509,0.134412,0.998958,0.735087,0.998946,0.734361,0.00925354,0.00922967,0.000251625,0.00123646,0.00497808,0.250004,0.000746833,0.777094,0.00747717,2742544841774463500
2626,random,directed,0.069752,0.0752892,0.245245,0.996915,0.692302,0.996879,0.691586,0.0156738,0.015636,0.000250292,0.00124533,0.00497017,0.250027,0.000747542,0.776875,0.00752185,620250434444110995
2727,random,directed,0.0431082,0.0634398,0.293554,0.997987,0.623888,0.997964,0.623234,0.0189251,0.0188908,0.000256042,0.00125113,0.00496833,0.249959,0.000752292,0.776972,0.00749889,2022552238131814483
2828,random,directed,0.509861,0.349922,0.354985,0.996106,0.73043,0.996065,0.729663,0.0157612,0.0157228,0.000247625,0.00124596,0.00495567,0.249988,0.0007575,0.777035,0.00748059,3998001521368178311
2929,random,directed,0.63469,0.435062,0.407033,0.996509,0.741105,0.996471,0.740373,0.0172302,0.0171903,0.000247708,0.00123896,0.00496912,0.249956,0.000745042,0.777044,0.00756558,9683457375107194807
3030,random,directed,0.111655,0.101263,0.243209,0.99813,0.719277,0.998106,0.718567,0.0099745,0.00994692,0.000256333,0.00125888,0.00498538,0.250121,0.000749208,0.776844,0.00741999,10071646235806721820
3131,random,directed,0.546394,0.340629,0.213668,0.997457,0.698324,0.997426,0.697626,0.0123871,0.012355,0.000250375,0.00125229,0.00499604,0.249935,0.000758292,0.776996,0.00762259,9229365724962856925
3232,random,directed,0.0920929,0.103798,0.303855,0.996358,0.694937,0.996316,0.694234,0.0198898,0.0198548,0.000254417,0.00125358,0.00499479,0.250034,0.000746583,0.777045,0.00737839,13671435268397155858
3333,random,directed,0.103996,0.0970995,0.348763,0.996093,0.686476,0.996053,0.685725,0.019963,0.0199229,0.000247542,0.00124483,0.00497408,0.250026,0.000753125,0.777012,0.00748566,2059749156295377661
3434,random,directed,0.0629002,0.0671501,0.263148,0.997538,0.75921,0.997512,0.75856,0.008887,0.00885996,0.000250417,0.00124592,0.00498421,0.25001,0.000757917,0.776969,0.00749343,7553414289207416667
3535,random,directed,0.0430219,0.0655402,0.384438,0.997392,0.521502,0.997363,0.521099,0.0154272,0.01539,0.000250667,0.00124671,0.00498771,0.249993,0.00074875,0.777019,0.00734012,14471077341508696832
3636,random,directed,0.297185,0.244605,0.320682,0.996045,0.652801,0.996002,0.652032,0.0215356,0.0215082,0.000253375,0.00124604,0.00496229,0.250071,0.000752333,0.777107,0.00736979,16185903053348071721
3737,random,directed,0.335017,0.245956,0.455878,0.996508,0.735622,0.996467,0.734909,0.0183633,0.0183254,0.000250583,0.00124825,0.00498692,0.249952,0.000752708,0.776955,0.00732991,5416711868088930675
3838,random,directed,0.263737,0.176468,0.256591,0.997206,0.798192,0.997173,0.797622,0.00723196,0.00721183,0.000248417,0.00125117,0.00497542,0.249944,0.00074975,0.776867,0.00753437,3366072728673555250
3939,random,directed,0.337877,0.250725,0.240764,0.997054,0.755829,0.997017,0.755109,0.00694183,0.00692108,0.000245333,0.00124696,0.00498671,0.250013,0.000746292,0.777082,0.00747506,13885551371623210596
4040,random,directed,0.307977,0.221128,0.262227,0.99637,0.712076,0.996319,0.711371,0.011714,0.0116898,0.000250042,0.00124471,0.00497942,0.249927,0.000747583,0.77696,0.00751424,13341758029431325002
4141,random,directed,0.382208,0.23986,0.256396,0.996735,0.708785,0.996706,0.708041,0.0111862,0.0111619,0.000251167,0.001256,0.00500179,0.250004,0.000749583,0.77689,0.00739515,10471921851167804589
4242,random,directed,0.0454842,0.0556925,0.409473,0.996183,0.705341,0.996144,0.704702,0.019977,0.0199518,0.000255833,0.00125662,0.00498771,0.250047,0.000752542,0.776988,0.0073421,11216438071147082940
4343,random,directed,0.360369,0.258035,0.373903,0.996813,0.693506,0.996778,0.692736,0.0224933,0.0224521,0.000249833,0.00123442,0.00496662,0.249983,0.000737542,0.777129,0.00755753,14660719490780590819
4444,random,directed,0.555756,0.36503,0.231195,0.998612,0.74837,0.998597,0.747661,0.0132635,0.013243,0.000247125,0.00123471,0.00496192,0.250011,0.000750958,0.777085,0.00750679,12858910272898107015
4545,random,directed,0.594237,0.407931,0.396396,0.996243,0.711741,0.996197,0.710982,0.0174305,0.0173972,0.000253,0.00125012,0.00496617,0.25004,0.000741333,0.776981,0.00740203,4665785661025933132
4646,random,directed,0.376685,0.271913,0.0792112,0.998707,0.729012,0.998691,0.728304,0.00755425,0.00753371,0.000248917,0.0012475,0.00496971,0.249947,0.000756583,0.777035,0.00751384,10612391144567432223
4747,random,directed,0.0763607,0.0739128,0.10873,0.998699,0.660794,0.998685,0.660217,0.00666183,0.00664471,0.000249458,0.0012525,0.00497838,0.25001,0.000744958,0.777056,0.0075361,2806913601698330356
4848,random,directed,0.328677,0.244648,0.281928,0.997931,0.722209,0.997904,0.721531,0.00883017,0.00881071,0.000250875,0.00124979,0.00497842,0.249994,0.00074075,0.777015,0.00754824,13041343288079651521
4949,random,directed,0.518766,0.356241,0.207658,0.999311,0.791706,0.999302,0.791095,0.00440854,0.00439096,0.000254875,0.00124758,0.00496025,0.249906,0.000746875,0.776892,0.00753184,15688078512293176947
5050,random,directed,0.102515,0.0843419,0.0802443,0.998587,0.771857,0.998569,0.77117,0.00907158,0.00905387,0.00025075,0.0012545,0.00498412,0.250083,0.000748792,0.777082,0.00740022,14347374636339464340
5151,random,directed,0.137155,0.107514,0.377866,0.997816,0.702492,0.997788,0.701814,0.0139168,0.0138909,0.000250292,0.00124867,0.00499575,0.250033,0.000746417,0.776896,0.0074892,9535685278167279799
5252,random,directed,0.614838,0.391764,0.424022,0.995548,0.754567,0.995499,0.753852,0.0147104,0.0146808,0.00025175,0.00125496,0.00498833,0.249925,0.000745,0.776948,0.007668,8498188523165093839
5353,random,directed,0.167859,0.154815,0.320509,0.996886,0.710298,0.996849,0.709743,0.0129632,0.0129345,0.000252458,0.00125383,0.00498387,0.24995,0.000760708,0.777033,0.00743956,11689919448206570347
5454,random,directed,0.399395,0.307897,0.201612,0.998142,0.726894,0.998114,0.72629,0.0135638,0.0135382,0.000251542,0.00125225,0.00500621,0.250025,0.000753667,0.77701,0.00737105,7295714592094838707
5555,random,directed,0.529514,0.350406,0.523071,0.996006,0.590971,0.99596,0.590287,0.0267227,0.026674,0.000252958,0.00124667,0.00499229,0.249977,0.00075475,0.777001,0.0076158,5149605271688457828
5656,random,directed,0.219762,0.193731,0.211752,0.997856,0.757993,0.997828,0.757351,0.00847992,0.0084475,0.00024825,0.00125354,0.0049975,0.25001,0.000749125,0.776999,0.00744209,11541920501219194692
101,random,dyadic,0.631816,0.43321,0.464827,0.999064,0.73876,0.999086,0.738617,0.00876496,0.00875438,0.000248208,0.00124396,0.00500592,0.249939,0.000751167,0.950245,0.00332158,15088318594308599739
202,random,dyadic,0.411844,0.260957,0.111806,0.999271,0.702917,0.99929,0.70261,0.00804029,0.00803583,0.000248625,0.00125575,0.00498742,0.250013,0.000755625,0.950189,0.00331453,4914822966185049061
303,random,dyadic,0.178213,0.158623,0.445771,0.998523,0.716185,0.998559,0.715992,0.0123573,0.012347,0.000253875,0.00126771,0.00500675,0.249988,0.000755875,0.950363,0.00330571,4592148954548078428
404,random,dyadic,0.38858,0.298991,0.341293,0.998985,0.745656,0.999011,0.745362,0.00651096,0.00650838,0.000249333,0.00125554,0.00499383,0.250017,0.000751167,0.950309,0.00332588,3352798620045422019
505,random,dyadic,0.443927,0.309203,0.319533,0.999233,0.655197,0.999252,0.655001,0.00791367,0.00789958,0.000247417,0.00124296,0.00498042,0.250075,0.000749875,0.950378,0.0033141,4759851087943297059
606,random,dyadic,0.59044,0.396092,0.271803,0.998789,0.713265,0.998821,0.71287,0.00674308,0.00673179,0.000251,0.00126108,0.00499421,0.250033,0.000751417,0.950321,0.00335835,7977712089098221410
707,random,dyadic,0.568345,0.375175,0.372705,0.998782,0.742487,0.998813,0.742235,0.00971433,0.00970929,0.000251792,0.00125763,0.00500646,0.250064,0.000753083,0.950226,0.0032647,6626978477444108832
808,random,dyadic,0.357585,0.26652,0.212458,0.99888,0.731584,0.998907,0.731409,0.00682925,0.00682196,0.000251792,0.00124754,0.00497671,0.249972,0.00076575,0.950393,0.00331415,8938853467923338380
909,random,dyadic,0.629929,0.442906,0.458274,0.998579,0.754915,0.998616,0.754607,0.00874963,0.00874379,0.000252875,0.00125146,0.00499371,0.250069,0.000752875,0.950144,0.00325461,7523379821232620433
1010,random,dyadic,0.39353,0.294995,0.2449,0.999081,0.757244,0.999106,0.756892,0.00527167,0.00525396,0.000249875,0.00125117,0.00500513,0.250009,0.000754333,0.950209,0.00320324,6095443981521357002
1111,random,dyadic,0.686062,0.509377,0.228815,0.999087,0.0550663,0.99911,0.0550557,0.00544479,0.00543992,0.000251,0.00123296,0.00496196,0.249993,0.000757042,0.950451,0.00322934,1709130890311390258
1212,random,dyadic,0.238319,0.187236,0.378658,0.998968,0.72773,0.998994,0.727477,0.0102922,0.0102911,0.00025025,0.00125942,0.00500263,0.250046,0.000759,0.95034,0.00331079,6566218846149515846
1313,random,dyadic,0.0457126,0.0490847,0.162619,0.999026,0.737714,0.999052,0.737419,0.00303479,0.0030255,0.000249875,0.00123775,0.00496054,0.250017,0.000740667,0.950342,0.0032431,5265459889430765273
1414,random,dyadic,0.535446,0.347012,0.129707,0.999418,0.775898,0.999433,0.775659,0.00380117,0.00379775,0.000251125,0.00126492,0.00501371,0.250002,0.000749542,0.950207,0.00334584,16757399655768377468
1515,random,dyadic,0.108163,0.0878398,0.16698,0.998896,0.691427,0.998923,0.691249,0.00998371,0.00997646,0.000244042,0.00124642,0.00496383,0.250014,0.000747333,0.950293,0.00334904,15553783089522774953
1616,random,dyadic,0.57403,0.429902,0.360186,0.998482,0.744512,0.998522,0.744208,0.00714075,0.00713212,0.000249292,0.0012575,0.00498654,0.249901,0.000745375,0.950316,0.00330827,2925567432917206370
1717,random,dyadic,0.571078,0.359755,0.273734,0.999056,0.747786,0.999079,0.747572,0.00670858,0.00669925,0.000247375,0.00123758,0.00498325,0.249971,0.000754083,0.950107,0.00332764,5315331658029473431
1818,random,dyadic,0.0529859,0.0593901,0.270618,0.998743,0.730578,0.998774,0.73036,0.00617833,0.00616975,0.000251375,0.0012485,0.00498958,0.250039,0.000752333,0.95027,0.0033387,8503298889816827995
1919,random,dyadic,0.648166,0.423104,0.169676,0.998879,0.726379,0.998909,0.726033,0.00460967,0.00460175,0.00024975,0.00124192,0.0049755,0.25,0.000742542,0.950162,0.00333975,2554226534663858501
2020,random,dyadic,0.117805,0.0788842,0.407423,0.998034,0.744909,0.998084,0.744662,0.0126137,0.0126067,0.000251375,0.00123221,0.00497462,0.250027,0.000748833,0.950297,0.00336203,412551867755059251
2121,random,dyadic,0.101906,0.0825837,0.272013,0.998587,0.761232,0.998624,0.760934,0.00380729,0.00379929,0.000241875,0.00124625,0.00497975,0.249991,0.000762792,0.950374,0.00335892,6823530061885106871
2222,random,dyadic,0.212918,0.175303,0.39204,0.998952,0.702012,0.998978,0.701773,0.0102863,0.0102682,0.000244083,0.00124738,0.00499696,0.250029,0.000744958,0.950251,0.00326993,9549826686038314684
2323,random,dyadic,0.109002,0.104911,0.22521,0.999203,0.738969,0.999225,0.738665,0.00394904,0.00393546,0.0002535,0.00124875,0.00498863,0.249976,0.000751333,0.950413,0.0033161,12942702738109462900
2424,random,dyadic,0.652957,0.422753,0.150237,0.999366,0.755686,0.999382,0.755422,0.00619375,0.00618604,0.000247167,0.00125913,0.00501483,0.250081,0.0007485,0.950279,0.00329243,1924404037196765821
2525,random,dyadic,0.665736,0.420117,0.130544,0.999615,0.746851,0.999625,0.74656,0.00464963,0.00464521,0.000253417,0.00124242,0.004967,0.250004,0.000746833,0.950319,0.00330445,2742544841774463500
2626,random,dyadic,0.0640523,0.0708331,0.271829,0.998834,0.727252,0.998864,0.727034,0.00884612,0.00883425,0.000252292,0.00123508,0.00497933,0.250027,0.000747542,0.950182,0.00335544,620250434444110995
2727,random,dyadic,0.0423152,0.0627679,0.297293,0.999216,0.530498,0.999234,0.530398,0.0103176,0.0103098,0.000260125,0.00125679,0.00497333,0.249959,0.000752292,0.9503,0.00325495,2022552238131814483
2828,random,dyadic,0.448422,0.346133,0.369952,0.998488,0.735844,0.998527,0.73555,0.00950675,0.00949017,0.000253167,0.0012575,0.00499158,0.249988,0.0007575,0.950271,0.00336133,3998001521368178311
2929,random,dyadic,0.593629,0.396016,0.396427,0.99872,0.7461,0.998753,0.74586,0.00888121,0.00886521,0.000252042,0.00124425,0.00497775,0.249956,0.000745042,0.950321,0.00340417,9683457375107194807
3030,random,dyadic,0.0374459,0.049602,0.235611,0.999242,0.754561,0.999262,0.754261,0.00508908,0.00507267,0.000248833,0.00125204,0.00497058,0.250121,0.000749208,0.95019,0.00335352,10071646235806721820
3131,random,dyadic,0.358878,0.245391,0.1905,0.998954,0.724919,0.998981,0.724614,0.00647492,0.00646488,0.000247417,0.00125225,0.00498942,0.249935,0.000758292,0.950373,0.00332064,9229365724962856925
3232,random,dyadic,0.0421102,0.0578344,0.311946,0.998525,0.708772,0.998562,0.708589,0.0115363,0.011521,0.000251708,0.00125296,0.00499787,0.250034,0.000746583,0.950273,0.00329553,13671435268397155858
3333,random,dyadic,0.0463864,0.0443777,0.389486,0.998505,0.719142,0.998543,0.718947,0.0111841,0.0111644,0.000246833,0.001239,0.00495612,0.250026,0.000753125,0.950163,0.00329179,2059749156295377661
3434,random,dyadic,0.0420378,0.0511468,0.279048,0.999109,0.7752,0.999133,0.774913,0.005126,0.00510946,0.000251875,0.00124408,0.004983,0.25001,0.000757917,0.950222,0.00331875,7553414289207416667
3535,random,dyadic,0.0412762,0.064777,0.380582,0.998956,0.541828,0.998982,0.541662,0.00977108,0.00976717,0.0002545,0.00126125,0.00500029,0.249993,0.00074875,0.950255,0.00332038,14471077341508696832
3636,random,dyadic,0.0638601,0.07284,0.33132,0.998442,0.666064,0.998481,0.665809,0.0116245,0.0116099,0.000249958,0.00124887,0.00496383,0.250071,0.000752333,0.950306,0.00322367,16185903053348071721
3737,random,dyadic,0.056151,0.0513392,0.448922,0.998668,0.744169,0.998702,0.7439,0.0106931,0.0106694,0.000255667,0.00125208,0.00498858,0.249952,0.000752708,0.950208,0.00333785,5416711868088930675
3838,random,dyadic,0.371016,0.235895,0.24049,0.998889,0.789463,0.998918,0.78919,0.00382375,0.00381975,0.000253625,0.00126267,0.00500525,0.249944,0.00074975,0.95027,0.00330297,3366072728673555250
3939,random,dyadic,0.103938,0.0903448,0.27468,0.998823,0.774788,0.998853,0.774467,0.00429537,0.00428229,0.000241583,0.00123354,0.004962,0.250013,0.000746292,0.950344,0.00322129,13885551371623210596
4040,random,dyadic,0.183021,0.130717,0.260691,0.998649,0.743307,0.998684,0.743058,0.00605679,0.00604675,0.000251083,0.00124275,0.00496796,0.249927,0.000747583,0.950167,0.00328869,13341758029431325002
4141,random,dyadic,0.102775,0.107178,0.258874,0.998788,0.723401,0.99882,0.723061,0.0067215,0.00669529,0.000248958,0.0012475,0.00499296,0.250004,0.000749583,0.950259,0.00331114,10471921851167804589
4242,random,dyadic,0.230179,0.174126,0.402784,0.998592,0.714379,0.998627,0.714161,0.0112673,0.0112606,0.000254458,0.00124546,0.00497712,0.250047,0.000752542,0.950372,0.00333255,11216438071147082940
4343,random,dyadic,0.0693418,0.0863585,0.396732,0.998832,0.715771,0.99886,0.715599,0.0115558,0.0115462,0.000249333,0.00123896,0.00497129,0.249983,0.000737542,0.95045,0.00327915,14660719490780590819
4444,random,dyadic,0.380185,0.265894,0.229497,0.999492,0.761914,0.999505,0.761732,0.00688225,0.00687783,0.000248458,0.00124546,0.00497029,0.250011,0.000750958,0.950248,0.00327661,12858910272898107015
4545,random,dyadic,0.440218,0.291897,0.425389,0.998515,0.723996,0.998551,0.723742,0.0105972,0.0105855,0.000250875,0.00125063,0.00496879,0.25004,0.000741333,0.950191,0.00331907,4665785661025933132
4646,random,dyadic,0.11385,0.105125,0.0934045,0.999499,0.742179,0.999512,0.741948,0.00405483,0.00404963,0.000253917,0.001259,0.00498004,0.249947,0.000756583,0.950326,0.00336048,10612391144567432223
4747,random,dyadic,0.0545293,0.0440417,0.108777,0.999515,0.662873,0.999528,0.662679,0.0035485,0.00354504,0.000249583,0.00124908,0.00497679,0.25001,0.000744958,0.950249,0.00331629,2806913601698330356
4848,random,dyadic,0.0743536,0.0656695,0.283505,0.999235,0.724552,0.999255,0.724313,0.00492425,0.00491533,0.000254417,0.00124862,0.00500308,0.249994,0.00074075,0.95026,0.0032914,13041343288079651521
4949,random,dyadic,0.507492,0.34849,0.215292,0.99973,0.797368,0.999737,0.797067,0.00232458,0.00231892,0.000252458,0.00124471,0.00498117,0.249906,0.000746875,0.950217,0.00332036,15688078512293176947
5050,random,dyadic,0.0514179,0.0428212,0.084079,0.999492,0.782128,0.999505,0.78192,0.00477913,0.004777,0.000248208,0.00125821,0.00498308,0.250083,0.000748792,0.950267,0.0032918,14347374636339464340
5151,random,dyadic,0.423091,0.288521,0.380331,0.999085,0.736577,0.999109,0.73631,0.00819771,0.00818046,0.000253875,0.00125487,0.00499342,0.250033,0.000746417,0.950261,0.00330386,9535685278167279799
5252,random,dyadic,0.406198,0.286277,0.440285,0.998235,0.766258,0.99828,0.766052,0.00839904,0.0083895,0.000248292,0.00125129,0.00498538,0.249925,0.000745,0.950241,0.00330521,8498188523165093839
5353,random,dyadic,0.0620319,0.0749517,0.368848,0.998741,0.692484,0.998772,0.692226,0.009561,0.00954438,0.000249958,0.0012565,0.00500179,0.24995,0.000760708,0.950308,0.00334197,11689919448206570347
5454,random,dyadic,0.525105,0.381667,0.211036,0.999256,0.746023,0.999274,0.746004,0.00699796,0.00699358,0.00025275,0.00125058,0.00499987,0.250025,0.000753667,0.950356,0.00335819,7295714592094838707
5555,random,dyadic,0.296748,0.242183,0.524382,0.998379,0.574488,0.998418,0.574306,0.0137285,0.0137228,0.000253,0.00125254,0.00499367,0.249977,0.00075475,0.950376,0.00332897,5149605271688457828
5656,random,dyadic,0.056062,0.0670811,0.20357,0.999115,0.766304,0.999138,0.766047,0.00460333,0.00460133,0.000246875,0.00124867,0.00499063,0.25001,0.000749125,0.950229,0.00334634,11541920501219194692
101,metric,directed,0.599925,0.431189,0.463216,0.997423,0.710175,0.997403,0.709831,0.0169242,0.0169096,0.496899,0.969299,0.999666,0.000250012,0.0015,0.000500125,0,3559426015699777325
202,metric,directed,0.616389,0.406221,0.116048,0.997978,0.675767,0.997968,0.675329,0.0150767,0.0150626,0.504891,0.967665,0.999664,0.000250006,0.000748375,0.000500125,0,8861501511035084803
303,metric,directed,0.354483,0.275343,0.458677,0.995898,0.706089,0.995877,0.705777,0.0216774,0.021659,0.498876,0.968963,0.999666,0.000250025,0.000758125,0.000500125,0,8975225533692162084
404,metric,directed,0.622106,0.405139,0.292504,0.997367,0.74246,0.997351,0.742087,0.00962287,0.00960463,0.495379,0.969649,0.999666,0.000250012,0.000493333,0.000500125,0,6408376361024084176
505,metric,directed,0.617253,0.408319,0.326421,0.997921,0.685336,0.997912,0.685067,0.0138943,0.0138807,0.504127,0.966963,0.999666,0.000250021,0.000757625,0.000500125,0,2417799959161368895
606,metric,directed,0.550945,0.378866,0.276816,0.996726,0.70952,0.996709,0.709175,0.0103835,0.0103731,0.500637,0.96852,0.999665,0.000249966,0.001252,0.000500125,0,8501317459509533388
707,metric,directed,0.602268,0.409272,0.376499,0.996619,0.741535,0.9966,0.741174,0.0176409,0.017628,0.498758,0.969091,0.999666,0.000249985,0.00172625,0.000500125,0,15662171287071666310
808,metric,directed,0.0546806,0.0581388,0.218335,0.996826,0.708438,0.996807,0.708133,0.0138858,0.013874,0.499368,0.968739,0.999666,0.000250008,0.0005,0.000500125,0,18407015339054756915
909,metric,directed,0.639004,0.464196,0.456646,0.996458,0.724911,0.996438,0.724556,0.0159717,0.0159619,0.496345,0.969601,0.999666,0.000249991,0.000501583,0.000500125,0,4478544239149268252
1010,metric,directed,0.583776,0.389332,0.257828,0.99746,0.747417,0.997447,0.746968,0.00980329,0.00978604,0.498916,0.968746,0.999666,0.000249987,0,0.000500125,0,755190751463251717
1111,metric,directed,0.146942,0.147014,0.239161,0.997507,0.21607,0.997493,0.215895,0.0101366,0.0101231,0.500946,0.968327,0.999666,0.000249999,0.000249542,0.000500125,0,2585996189402064103
1212,metric,directed,0.463814,0.334996,0.329479,0.997566,0.671845,0.997548,0.671416,0.0179091,0.0178937,0.501158,0.967689,0.999665,0.000249964,0.000989333,0.000500125,0,10907425003270472288
1313,metric,directed,0.0770596,0.0657312,0.167558,0.997618,0.712358,0.997601,0.712028,0.00568779,0.00567821,0.499982,0.967941,0.999666,0.000249977,0.000252583,0.000500125,0,15571437015538450152
1414,metric,directed,0.045898,0.0190603,0.133171,0.998472,0.741739,0.998463,0.741429,0.00739129,0.00738037,0.497419,0.969611,0.999662,0.000250041,0.000245833,0.000500125,0,13818401187068647710
1515,metric,directed,0.178362,0.141102,0.178868,0.996879,0.673013,0.996862,0.672661,0.0187803,0.018763,0.498967,0.968786,0.999666,0.00025,0.00150633,0.000500125,0,9520103818991610358
1616,metric,directed,0.556587,0.422289,0.342277,0.995905,0.712463,0.995886,0.712114,0.0148319,0.014809,0.496722,0.968878,0.999666,0.00024999,0.000495917,0.000500125,0,6370879064388483270
1717,metric,directed,0.15644,0.0722228,0.277116,0.99743,0.731969,0.997413,0.73163,0.0132781,0.0132628,0.503721,0.967596,0.999666,0.000250018,0.000753,0.000500125,0,4617993730958730273
1818,metric,directed,0.250533,0.170918,0.259065,0.996761,0.718456,0.996742,0.718138,0.0100551,0.0100477,0.498797,0.968781,0.999665,0.000249997,0.00150558,0.000500125,0,17586438532403991777
1919,metric,directed,0.665255,0.454847,0.167778,0.99697,0.715678,0.996953,0.715311,0.00941075,0.00939533,0.501561,0.968124,0.999666,0.000249972,0.000252542,0.000500125,0,6444216289996203163
2020,metric,directed,0.0782153,0.0475232,0.390784,0.995044,0.752837,0.99502,0.752533,0.0182965,0.0182844,0.501182,0.968137,0.999665,0.000250006,0.000497833,0.000500125,0,14203824128266736466
2121,metric,directed,0.399314,0.298937,0.280411,0.996276,0.740986,0.996256,0.740661,0.00712958,0.007121,0.498499,0.968454,0.999666,0.000250009,0.000749625,0.000500125,0,470293244118626530
2222,metric,directed,0.400645,0.300913,0.350724,0.997256,0.704068,0.997242,0.703728,0.0162553,0.0162422,0.498383,0.968519,0.999665,0.000249996,0.00124963,0.000500125,0,690806196399698726
2323,metric,directed,0.362054,0.276765,0.230159,0.997744,0.729002,0.997732,0.728662,0.00764354,0.00763537,0.501277,0.968433,0.999666,0.000250004,0.000250792,0.000500125,0,16518831560136876437
2424,metric,directed,0.670143,0.429557,0.149668,0.99831,0.74062,0.998299,0.740316,0.0113219,0.0113136,0.499726,0.968886,0.999666,0.000250025,0.000746542,0.000500125,0,3390124477181697281
2525,metric,directed,0.738399,0.470049,0.13488,0.998949,0.72844,0.998942,0.72805,0.00929867,0.00928308,0.497711,0.968526,0.999666,0.000249979,0.00125475,0.000500125,0,1245026577677357165
2626,metric,directed,0.0690289,0.0760543,0.245573,0.996814,0.680188,0.996795,0.679836,0.0154128,0.015398,0.50155,0.968726,0.999666,0.000249956,0.000252792,0.000500125,0,869329739285468153
2727,metric,directed,0.0471762,0.0673235,0.293627,0.997967,0.617457,0.997955,0.617147,0.0192061,0.019192,0.492128,0.970876,0.999666,0.000249998,0,0.000500125,0,12780902941967493027
2828,metric,directed,0.512875,0.363862,0.356628,0.996074,0.729439,0.996053,0.729024,0.0156212,0.0156045,0.496055,0.969207,0.999666,0.000249988,0.00174842,0.000500125,0,534076354844399053
2929,metric,directed,0.636122,0.434072,0.410404,0.996438,0.738177,0.996418,0.737818,0.0171471,0.0171351,0.501187,0.968439,0.999666,0.000249999,0.0005,0.000500125,0,11754423099787532076
3030,metric,directed,0.112773,0.105358,0.244681,0.998106,0.720088,0.998094,0.719743,0.00991042,0.00989617,0.503937,0.96729,0.999666,0.000249856,0.001,0.000500125,0,15376427095147143198
3131,metric,directed,0.545416,0.35126,0.215474,0.997401,0.697154,0.997385,0.69683,0.0123483,0.0123326,0.499268,0.968493,0.999666,0.000249969,0.000748333,0.000500125,0,9994664459323176775
3232,metric,directed,0.0978583,0.102463,0.301604,0.996257,0.684513,0.996236,0.684162,0.0188828,0.0188731,0.498793,0.968372,0.999665,0.000250087,0.001,0.000500125,0,9846777445618850379
3333,metric,directed,0.102454,0.0951405,0.348787,0.996011,0.689233,0.995993,0.688867,0.0202384,0.0202177,0.501541,0.968166,0.999666,0.000249973,0.000252708,0.000500125,0,8825895997207593111
3434,metric,directed,0.0794334,0.0622729,0.262254,0.997527,0.755549,0.997515,0.75525,0.00878563,0.00877783,0.496885,0.969147,0.999666,0.000250003,0.0009995,0.000500125,0,14632231646609225605
3535,metric,directed,0.0418747,0.0651905,0.38658,0.997382,0.528374,0.997368,0.528169,0.0154733,0.0154605,0.50151,0.96841,0.999665,0.000250026,0.000747792,0.000500125,0,2108637305347216239
3636,metric,directed,0.314196,0.263021,0.321535,0.995978,0.643025,0.995957,0.64266,0.0211512,0.0211238,0.498119,0.968784,0.999666,0.000250011,0.000752292,0.000500125,0,6543343146681988703
3737,metric,directed,0.353643,0.252503,0.453351,0.996447,0.732436,0.996426,0.73209,0.0182093,0.0181942,0.50006,0.968373,0.999666,0.000249939,0.00124808,0.000500125,0,16296054133293611688
3838,metric,directed,0.384371,0.242989,0.257086,0.997158,0.795727,0.99714,0.795427,0.00717304,0.00715863,0.498252,0.968776,0.999666,0.000250006,0.00074875,0.000500125,0,10642942659404546619
3939,metric,directed,0.339161,0.248965,0.240368,0.996946,0.75471,0.996927,0.754346,0.00699029,0.00697829,0.501915,0.96819,0.999666,0.000249999,0.0005,0.000500125,0,6058391405990210476
4040,metric,directed,0.311123,0.224187,0.261339,0.996251,0.707531,0.996225,0.707189,0.0116642,0.0116462,0.499063,0.968503,0.999666,0.000250014,0.00125208,0.000500125,0,7294425834470909113
4141,metric,directed,0.38765,0.255419,0.257151,0.996716,0.706559,0.996702,0.706177,0.0110218,0.011002,0.500386,0.968262,0.999666,0.000249978,0.000990333,0.000500125,0,11629758876801713625
4242,metric,directed,0.0477699,0.0577654,0.409168,0.996164,0.706356,0.996144,0.706041,0.0198502,0.0198304,0.499086,0.96895,0.999665,0.000250001,0.000749042,0.000500125,0,17409735103770715606
4343,metric,directed,0.361024,0.275105,0.372502,0.996773,0.690359,0.996756,0.689975,0.0223722,0.0223602,0.501289,0.96761,0.999666,0.000250024,0.0005,0.000500125,0,7512600068124043673
4444,metric,directed,0.552917,0.366872,0.231355,0.9986,0.750648,0.998592,0.750296,0.0133531,0.0133438,0.502814,0.967885,0.999666,0.000250053,0.001507,0.000500125,0,9243231461731550061
4545,metric,directed,0.591118,0.417497,0.397214,0.996164,0.711844,0.99614,0.711419,0.017557,0.0175341,0.498963,0.968448,0.999666,0.000249933,0.000508417,0.000500125,0,9237439634471202478
4646,metric,directed,0.38151,0.283042,0.0780401,0.998675,0.722695,0.998667,0.722314,0.00736092,0.00734617,0.499246,0.968422,0.999666,0.000249996,0.00150592,0.000500125,0,16471789423557286906
4747,metric,directed,0.0862482,0.0780126,0.108873,0.998699,0.733853,0.998692,0.733523,0.00677617,0.00676967,0.500075,0.968825,0.999666,0.000250024,0.000496667,0.000500125,0,5764354274457717627
4848,metric,directed,0.334057,0.243045,0.282995,0.997891,0.718753,0.997877,0.71841,0.00878871,0.00877913,0.498143,0.969176,0.999666,0.000249999,0.000998833,0.000500125,0,929370163235647485
4949,metric,directed,0.520926,0.359562,0.207705,0.999281,0.787057,0.999276,0.786766,0.00426217,0.00425733,0.499986,0.969006,0.999666,0.000249989,0.0005,0.000500125,0,7897670316852742842
5050,metric,directed,0.104896,0.0918411,0.0807177,0.998566,0.773517,0.998558,0.773167,0.00915233,0.00915004,0.503679,0.967656,0.999666,0.000249965,0.001004,0.000500125,0,8610966102261512007
5151,metric,directed,0.169729,0.134221,0.378331,0.99778,0.700949,0.997766,0.700591,0.0138143,0.0137945,0.500837,0.96861,0.999665,0.000249908,0.000769,0.000500125,0,952789433277626565
5252,metric,directed,0.608596,0.390206,0.424116,0.995523,0.75534,0.995499,0.754987,0.0147221,0.0147016,0.498559,0.968757,0.999666,0.000250005,0.000500917,0.000500125,0,13493132353709333933
5353,metric,directed,0.162454,0.142997,0.317906,0.996818,0.709045,0.9968,0.708755,0.0124292,0.012417,0.499838,0.968321,0.999664,0.000249967,0.000251958,0.000500125,0,12535506671549849092
5454,metric,directed,0.448534,0.342068,0.201941,0.998106,0.721757,0.998092,0.721495,0.0134891,0.0134783,0.500097,0.968702,0.999666,0.00024999,0.000496083,0.000500125,0,11508579148161379995
5555,metric,directed,0.528832,0.357216,0.523929,0.9959,0.586824,0.995877,0.586476,0.0262197,0.02619,0.498685,0.96916,0.999666,0.000249833,0.00100883,0.000500125,0,11029409976304768434
5656,metric,directed,0.214739,0.185903,0.210856,0.997761,0.750742,0.997747,0.750438,0.0081075,0.00809321,0.501947,0.967439,0.999666,0.000250086,0.0005,0.000500125,0,9835217039994277977
101,metric,dyadic,0.625189,0.430491,0.464116,0.999159,0.735,0.99917,0.734941,0.00866088,0.00866263,0.497667,0.970417,0.999833,0.000250012,0.0015,0.000500125,0,3559426015699777325
202,metric,dyadic,0.417514,0.265718,0.111231,0.999344,0.700594,0.999353,0.700423,0.00801058,0.0080075,0.508333,0.968417,0.999833,0.000250006,0.000748375,0.000500125,0,8861501511035084803
303,metric,dyadic,0.166095,0.153899,0.443971,0.998625,0.712789,0.998643,0.712691,0.0121151,0.012111,0.498917,0.9705,0.999833,0.000250025,0.000758125,0.000500125,0,8975225533692162084
404,metric,dyadic,0.387736,0.303374,0.340965,0.999055,0.745022,0.999068,0.744854,0.0065245,0.006515,0.497,0.970417,0.999833,0.000250012,0.000493333,0.000500125,0,6408376361024084176
505,metric,dyadic,0.443386,0.310584,0.319556,0.999301,0.652982,0.99931,0.652882,0.00787071,0.0078645,0.50425,0.966167,0.999833,0.000250021,0.000757625,0.000500125,0,2417799959161368895
606,metric,dyadic,0.59118,0.397571,0.271208,0.998891,0.711049,0.998906,0.710825,0.00666208,0.00666417,0.50225,0.968667,0.999833,0.000249966,0.001252,0.000500125,0,8501317459509533388
707,metric,dyadic,0.579928,0.37574,0.372798,0.998888,0.7416,0.998903,0.741461,0.00966021,0.00965621,0.5,0.969333,0.999833,0.000249985,0.00172625,0.000500125,0,15662171287071666310
808,metric,dyadic,0.370576,0.270526,0.212088,0.998979,0.738547,0.998993,0.738467,0.00689088,0.00688867,0.498833,0.967667,0.999833,0.000250008,0.0005,0.000500125,0,18407015339054756915
909,metric,dyadic,0.62854,0.443627,0.458133,0.998699,0.750639,0.998717,0.750463,0.00863825,0.00863083,0.496917,0.970417,0.999833,0.000249991,0.000501583,0.000500125,0,4478544239149268252
1010,metric,dyadic,0.388828,0.289717,0.244212,0.999166,0.758942,0.999178,0.758751,0.00522096,0.00521121,0.498417,0.970167,0.999833,0.000249987,0,0.000500125,0,755190751463251717
1111,metric,dyadic,0.686613,0.508328,0.228502,0.99917,0.0553495,0.999181,0.0553318,0.00545342,0.00544838,0.50225,0.968167,0.999833,0.000249999,0.000249542,0.000500125,0,2585996189402064103
1212,metric,dyadic,0.237362,0.188847,0.377445,0.999068,0.724778,0.999081,0.72465,0.0100647,0.0100593,0.497583,0.969583,0.999833,0.000249964,0.000989333,0.000500125,0,10907425003270472288
1313,metric,dyadic,0.0455535,0.0489551,0.161872,0.999113,0.736967,0.999126,0.736812,0.00295446,0.00295408,0.496583,0.967417,0.999833,0.000249977,0.000252583,0.000500125,0,15571437015538450152
1414,metric,dyadic,0.544732,0.353936,0.129289,0.999481,0.781021,0.999489,0.780876,0.00388421,0.00387929,0.498417,0.968833,0.999833,0.000250041,0.000245833,0.000500125,0,13818401187068647710
1515,metric,dyadic,0.110794,0.0893608,0.166908,0.999018,0.685173,0.999031,0.685067,0.00977042,0.00976904,0.497417,0.968083,0.999833,0.00025,0.00150633,0.000500125,0,9520103818991610358
1616,metric,dyadic,0.572462,0.427266,0.360936,0.998622,0.739678,0.998642,0.739491,0.00696583,0.00696171,0.49375,0.97025,0.999833,0.00024999,0.000495917,0.000500125,0,6370879064388483270
1717,metric,dyadic,0.581214,0.362187,0.27423,0.99915,0.746938,0.999162,0.746812,0.00666771,0.006671,0.50375,0.9665,0.999833,0.000250018,0.000753,0.000500125,0,4617993730958730273
1818,metric,dyadic,0.053123,0.0595192,0.270764,0.99885,0.72489,0.998865,0.724773,0.00593475,0.00592629,0.501333,0.969667,0.999833,0.000249997,0.00150558,0.000500125,0,17586438532403991777
1919,metric,dyadic,0.650259,0.423792,0.169213,0.998996,0.726213,0.999011,0.726005,0.00464367,0.00463588,0.501167,0.968583,0.999833,0.000249972,0.000252542,0.000500125,0,6444216289996203163
2020,metric,dyadic,0.120246,0.0802437,0.407891,0.998219,0.743999,0.998245,0.743856,0.0124993,0.0124943,0.502083,0.967917,0.999833,0.000250006,0.000497833,0.000500125,0,14203824128266736466
2121,metric,dyadic,0.0999372,0.0801088,0.271326,0.998719,0.761846,0.998737,0.76168,0.00382496,0.00381829,0.497667,0.97075,0.999833,0.000250009,0.000749625,0.000500125,0,470293244118626530
2222,metric,dyadic,0.212951,0.175339,0.39092,0.999058,0.706175,0.999071,0.706064,0.0101595,0.010149,0.497333,0.969083,0.999833,0.000249996,0.00124963,0.000500125,0,690806196399698726
2323,metric,dyadic,0.109542,0.105121,0.224732,0.999274,0.740182,0.999285,0.740065,0.00392021,0.00391021,0.503917,0.966583,0.999833,0.000250004,0.000250792,0.000500125,0,16518831560136876437
2424,metric,dyadic,0.653819,0.419682,0.150214,0.999437,0.752333,0.999445,0.752158,0.00607979,0.00607829,0.500667,0.9685,0.999833,0.000250025,0.000746542,0.000500125,0,3390124477181697281
2525,metric,dyadic,0.666312,0.420892,0.130591,0.99966,0.7439,0.999665,0.743706,0.00464608,0.00464779,0.497083,0.97025,0.999833,0.000249979,0.00125475,0.000500125,0,1245026577677357165
2626,metric,dyadic,0.0640593,0.0708341,0.271548,0.998926,0.722602,0.998941,0.722476,0.00882242,0.00881675,0.506917,0.96925,0.999833,0.000249956,0.000252792,0.000500125,0,869329739285468153
2727,metric,dyadic,0.0423154,0.062768,0.296449,0.99931,0.531393,0.999319,0.53134,0.0104455,0.010447,0.4915,0.972,0.999833,0.000249998,0,0.000500125,0,12780902941967493027
2828,metric,dyadic,0.440244,0.348398,0.369108,0.998628,0.738036,0.998647,0.737844,0.00953529,0.00952408,0.491083,0.969917,0.999833,0.000249988,0.00174842,0.000500125,0,534076354844399053
2929,metric,dyadic,0.596273,0.396258,0.394906,0.998823,0.743515,0.998839,0.743398,0.00882517,0.0088265,0.50575,0.966167,0.999833,0.000249999,0.0005,0.000500125,0,11754423099787532076
3030,metric,dyadic,0.0374461,0.0496015,0.236021,0.999321,0.754353,0.999331,0.754204,0.00509121,0.00508704,0.5045,0.967917,0.999833,0.000249856,0.001,0.000500125,0,15376427095147143198
3131,metric,dyadic,0.353925,0.24378,0.19252,0.999046,0.727442,0.999059,0.727299,0.00654042,0.00653338,0.499917,0.96875,0.999833,0.000249969,0.000748333,0.000500125,0,9994664459323176775
3232,metric,dyadic,0.0421091,0.0578341,0.312274,0.998657,0.704214,0.998676,0.704112,0.0112155,0.0112147,0.496167,0.970167,0.999833,0.000250087,0.001,0.000500125,0,9846777445618850379
3333,metric,dyadic,0.0463864,0.0443777,0.387814,0.998647,0.726645,0.998665,0.726533,0.0113514,0.011343,0.49925,0.967417,0.999833,0.000249973,0.000252708,0.000500125,0,8825895997207593111
3434,metric,dyadic,0.0422804,0.0513589,0.277872,0.999197,0.774934,0.999209,0.774787,0.00512737,0.00511825,0.49625,0.969083,0.999833,0.000250003,0.0009995,0.000500125,0,14632231646609225605
3535,metric,dyadic,0.0412766,0.0647773,0.379296,0.999079,0.541691,0.999092,0.541588,0.00992021,0.0099205,0.501667,0.968,0.99975,0.000250026,0.000747792,0.000500125,0,2108637305347216239
3636,metric,dyadic,0.0638529,0.0728087,0.33158,0.998613,0.66623,0.998633,0.666108,0.0113917,0.0113855,0.494417,0.969667,0.999833,0.000250011,0.000752292,0.000500125,0,6543343146681988703
3737,metric,dyadic,0.0576689,0.0521025,0.44897,0.998794,0.744992,0.998811,0.74486,0.0105693,0.0105586,0.501,0.970667,0.999833,0.000249939,0.00124808,0.000500125,0,16296054133293611688
3838,metric,dyadic,0.340076,0.217949,0.240537,0.998989,0.791042,0.999004,0.790887,0.00388521,0.00388133,0.499333,0.969667,0.999833,0.000250006,0.00074875,0.000500125,0,10642942659404546619
3939,metric,dyadic,0.104244,0.0904878,0.274284,0.998925,0.779402,0.99894,0.779243,0.00440008,0.00439667,0.502333,0.966833,0.999833,0.000249999,0.0005,0.000500125,0,6058391405990210476
4040,metric,dyadic,0.180649,0.128245,0.260955,0.998781,0.744879,0.998798,0.744764,0.00616108,0.00615308,0.500083,0.967083,0.999833,0.000250014,0.00125208,0.000500125,0,7294425834470909113
4141,metric,dyadic,0.106279,0.109953,0.25793,0.998901,0.724636,0.998918,0.724485,0.00671087,0.00670421,0.501,0.967,0.999833,0.000249978,0.000990333,0.000500125,0,11629758876801713625
4242,metric,dyadic,0.234236,0.176467,0.401681,0.998751,0.715782,0.998769,0.715682,0.0111826,0.0111755,0.49875,0.968,0.999833,0.000250001,0.000749042,0.000500125,0,17409735103770715606
4343,metric,dyadic,0.0699683,0.0864817,0.395845,0.998945,0.719741,0.998959,0.719658,0.0115902,0.011591,0.501167,0.968083,0.999833,0.000250024,0.0005,0.000500125,0,7512600068124043673
4444,metric,dyadic,0.383894,0.267136,0.228946,0.999544,0.76524,0.99955,0.765167,0.006933,0.00693275,0.504667,0.96475,0.999833,0.000250053,0.001507,0.000500125,0,9243231461731550061
4545,metric,dyadic,0.435898,0.291936,0.425485,0.998664,0.725699,0.998682,0.725565,0.0106539,0.010654,0.49725,0.968833,0.999833,0.000249933,0.000508417,0.000500125,0,9237439634471202478
4646,metric,dyadic,0.1131,0.105424,0.0931937,0.999539,0.743839,0.999545,0.743708,0.0040565,0.00404963,0.496667,0.97,0.999833,0.000249996,0.00150592,0.000500125,0,16471789423557286906
4747,metric,dyadic,0.0545157,0.0440252,0.108825,0.999568,0.665699,0.999574,0.665595,0.00358988,0.00358842,0.50375,0.96975,0.999833,0.000250024,0.000496667,0.000500125,0,5764354274457717627
4848,metric,dyadic,0.073763,0.0654114,0.282253,0.999295,0.723677,0.999305,0.723538,0.00487975,0.00487817,0.5,0.968,0.999833,0.000249999,0.000998833,0.000500125,0,929370163235647485
4949,metric,dyadic,0.51105,0.350725,0.215645,0.999753,0.797301,0.999757,0.797139,0.00227454,0.00227433,0.507333,0.969833,0.999833,0.000249989,0.0005,0.000500125,0,7897670316852742842
5050,metric,dyadic,0.0514292,0.0428214,0.0837476,0.999539,0.784516,0.999545,0.784414,0.00478146,0.00478187,0.505667,0.967917,0.999833,0.000249965,0.001004,0.000500125,0,8610966102261512007
5151,metric,dyadic,0.425994,0.291754,0.380122,0.999182,0.737805,0.999193,0.737681,0.00821133,0.00820396,0.503167,0.96875,0.999833,0.000249908,0.000769,0.000500125,0,952789433277626565
5252,metric,dyadic,0.406934,0.286444,0.440567,0.998423,0.768622,0.998445,0.768481,0.00841521,0.00841,0.497,0.968,0.999833,0.000250005,0.000500917,0.000500125,0,13493132353709333933
5353,metric,dyadic,0.062032,0.0749518,0.369558,0.998879,0.693379,0.998894,0.693249,0.00941717,0.00941142,0.50125,0.969667,0.999833,0.000249967,0.000251958,0.000500125,0,12535506671549849092
5454,metric,dyadic,0.532702,0.384737,0.212046,0.999324,0.745904,0.999333,0.745953,0.00705004,0.00704992,0.503833,0.968667,0.999833,0.00024999,0.000496083,0.000500125,0,11508579148161379995
5555,metric,dyadic,0.312113,0.226266,0.522856,0.998508,0.584209,0.998528,0.584112,0.0135909,0.013582,0.500417,0.969,0.999833,0.000249833,0.00100883,0.000500125,0,11029409976304768434
5656,metric,dyadic,0.0560619,0.0670806,0.20456,0.999178,0.763503,0.99919,0.763357,0.00446954,0.00446692,0.50125,0.96875,0.999833,0.000250086,0.0005,0.000500125,0,9835217039994277977
