seed,mixing,condition,recipient_rule,partner_signal_scale,alpha_scale,rA,rV,rate,pair_x_corr_post,pair_q_corr_post,repeat1,repeat5,repeat20,pair_digest
101,random,D,original_one_sided,1,1,0.568893,0.411271,0.463216,0.997413,0.714533,0.000248292,0.00124579,0.00499313,15088318594308599739
202,random,D,original_one_sided,1,1,0.617695,0.408194,0.117295,0.997994,0.680384,0.00025025,0.00126121,0.00498137,4914822966185049061
303,random,D,original_one_sided,1,1,0.334358,0.298345,0.458724,0.995988,0.717277,0.000257208,0.00126721,0.00501758,4592148954548078428
404,random,D,original_one_sided,1,1,0.611926,0.397755,0.292363,0.997458,0.741196,0.000246917,0.00124263,0.00497792,3352798620045422019
505,random,D,original_one_sided,1,1,0.613256,0.410901,0.326821,0.997931,0.692636,0.000249833,0.00124642,0.00497342,4759851087943297059
606,random,D,original_one_sided,1,1,0.567761,0.384444,0.277663,0.996769,0.712199,0.000245375,0.00124925,0.00497938,7977712089098221410
707,random,D,original_one_sided,1,1,0.605075,0.405199,0.377366,0.996631,0.74484,0.000251625,0.00124433,0.00500767,6626978477444108832
808,random,D,original_one_sided,1,1,0.0543149,0.057648,0.218543,0.996848,0.713348,0.000253,0.00125704,0.00498008,8938853467923338380
909,random,D,original_one_sided,1,1,0.639026,0.464923,0.455796,0.996524,0.732315,0.0002505,0.00125346,0.00497383,7523379821232620433
1010,random,D,original_one_sided,1,1,0.585342,0.391427,0.256855,0.997467,0.747942,0.000249208,0.00125512,0.00500408,6095443981521357002
1111,random,D,original_one_sided,1,1,0.566545,0.451032,0.238102,0.997509,0.0537764,0.000253292,0.00124229,0.00496321,1709130890311390258
1212,random,D,original_one_sided,1,1,0.453934,0.357849,0.329146,0.997629,0.677178,0.000253875,0.00125404,0.00497179,6566218846149515846
1313,random,D,original_one_sided,1,1,0.0911395,0.0720055,0.167389,0.997676,0.716773,0.000246958,0.00123329,0.00495179,5265459889430765273
1414,random,D,original_one_sided,1,1,0.0911465,0.0525631,0.133543,0.998455,0.737877,0.000253708,0.00125592,0.00501025,16757399655768377468
1515,random,D,original_one_sided,1,1,0.150756,0.119377,0.181665,0.996863,0.680445,0.000249792,0.00123833,0.00497154,15553783089522774953
1616,random,D,original_one_sided,1,1,0.550746,0.420698,0.341691,0.995903,0.718462,0.000248542,0.00124025,0.00495483,2925567432917206370
1717,random,D,original_one_sided,1,1,0.278965,0.180038,0.27598,0.997443,0.735461,0.000245875,0.00124546,0.00497533,5315331658029473431
1818,random,D,original_one_sided,1,1,0.230526,0.1681,0.258216,0.996816,0.726757,0.00024875,0.00124833,0.00498092,8503298889816827995
1919,random,D,original_one_sided,1,1,0.666177,0.451103,0.168912,0.996965,0.718618,0.000247792,0.00125738,0.00498883,2554226534663858501
2020,random,D,original_one_sided,1,1,0.058793,0.0387218,0.390387,0.995112,0.757735,0.000247333,0.00124304,0.0049755,412551867755059251
2121,random,D,original_one_sided,1,1,0.390749,0.318655,0.278798,0.996323,0.744723,0.000244667,0.00124421,0.00498804,6823530061885106871
2222,random,D,original_one_sided,1,1,0.404112,0.308056,0.350257,0.997236,0.698665,0.00024525,0.00125012,0.00496062,9549826686038314684
2323,random,D,original_one_sided,1,1,0.352242,0.289905,0.230302,0.997762,0.730657,0.000246417,0.00123871,0.0049785,12942702738109462900
2424,random,D,original_one_sided,1,1,0.659384,0.43008,0.149288,0.998278,0.743681,0.000253083,0.00125804,0.00500662,1924404037196765821
2525,random,D,original_one_sided,1,1,0.738038,0.464509,0.134412,0.998946,0.734361,0.000251625,0.00123646,0.00497808,2742544841774463500
2626,random,D,original_one_sided,1,1,0.069752,0.0752892,0.245245,0.996879,0.691586,0.000250292,0.00124533,0.00497017,620250434444110995
2727,random,D,original_one_sided,1,1,0.0431082,0.0634398,0.293554,0.997964,0.623234,0.000256042,0.00125113,0.00496833,2022552238131814483
2828,random,D,original_one_sided,1,1,0.509861,0.349922,0.354985,0.996065,0.729663,0.000247625,0.00124596,0.00495567,3998001521368178311
2929,random,D,original_one_sided,1,1,0.63469,0.435062,0.407033,0.996471,0.740373,0.000247708,0.00123896,0.00496912,9683457375107194807
3030,random,D,original_one_sided,1,1,0.111655,0.101263,0.243209,0.998106,0.718567,0.000256333,0.00125888,0.00498538,10071646235806721820
3131,random,D,original_one_sided,1,1,0.546394,0.340629,0.213668,0.997426,0.697626,0.000250375,0.00125229,0.00499604,9229365724962856925
3232,random,D,original_one_sided,1,1,0.0920929,0.103798,0.303855,0.996316,0.694234,0.000254417,0.00125358,0.00499479,13671435268397155858
3333,random,D,original_one_sided,1,1,0.103996,0.0970995,0.348763,0.996053,0.685725,0.000247542,0.00124483,0.00497408,2059749156295377661
3434,random,D,original_one_sided,1,1,0.0629002,0.0671501,0.263148,0.997512,0.75856,0.000250417,0.00124592,0.00498421,7553414289207416667
3535,random,D,original_one_sided,1,1,0.0430219,0.0655402,0.384438,0.997363,0.521099,0.000250667,0.00124671,0.00498771,14471077341508696832
3636,random,D,original_one_sided,1,1,0.297185,0.244605,0.320682,0.996002,0.652032,0.000253375,0.00124604,0.00496229,16185903053348071721
3737,random,D,original_one_sided,1,1,0.335017,0.245956,0.455878,0.996467,0.734909,0.000250583,0.00124825,0.00498692,5416711868088930675
3838,random,D,original_one_sided,1,1,0.263737,0.176468,0.256591,0.997173,0.797622,0.000248417,0.00125117,0.00497542,3366072728673555250
3939,random,D,original_one_sided,1,1,0.337877,0.250725,0.240764,0.997017,0.755109,0.000245333,0.00124696,0.00498671,13885551371623210596
4040,random,D,original_one_sided,1,1,0.307977,0.221128,0.262227,0.996319,0.711371,0.000250042,0.00124471,0.00497942,13341758029431325002
4141,random,D,original_one_sided,1,1,0.382208,0.23986,0.256396,0.996706,0.708041,0.000251167,0.001256,0.00500179,10471921851167804589
4242,random,D,original_one_sided,1,1,0.0454842,0.0556925,0.409473,0.996144,0.704702,0.000255833,0.00125662,0.00498771,11216438071147082940
4343,random,D,original_one_sided,1,1,0.360369,0.258035,0.373903,0.996778,0.692736,0.000249833,0.00123442,0.00496662,14660719490780590819
4444,random,D,original_one_sided,1,1,0.555756,0.36503,0.231195,0.998597,0.747661,0.000247125,0.00123471,0.00496192,12858910272898107015
4545,random,D,original_one_sided,1,1,0.594237,0.407931,0.396396,0.996197,0.710982,0.000253,0.00125012,0.00496617,4665785661025933132
4646,random,D,original_one_sided,1,1,0.376685,0.271913,0.0792112,0.998691,0.728304,0.000248917,0.0012475,0.00496971,10612391144567432223
4747,random,D,original_one_sided,1,1,0.0763607,0.0739128,0.10873,0.998685,0.660217,0.000249458,0.0012525,0.00497838,2806913601698330356
4848,random,D,original_one_sided,1,1,0.328677,0.244648,0.281928,0.997904,0.721531,0.000250875,0.00124979,0.00497842,13041343288079651521
4949,random,D,original_one_sided,1,1,0.518766,0.356241,0.207658,0.999302,0.791095,0.000254875,0.00124758,0.00496025,15688078512293176947
5050,random,D,original_one_sided,1,1,0.102515,0.0843419,0.0802443,0.998569,0.77117,0.00025075,0.0012545,0.00498412,14347374636339464340
5151,random,D,original_one_sided,1,1,0.137155,0.107514,0.377866,0.997788,0.701814,0.000250292,0.00124867,0.00499575,9535685278167279799
5252,random,D,original_one_sided,1,1,0.614838,0.391764,0.424022,0.995499,0.753852,0.00025175,0.00125496,0.00498833,8498188523165093839
5353,random,D,original_one_sided,1,1,0.167859,0.154815,0.320509,0.996849,0.709743,0.000252458,0.00125383,0.00498387,11689919448206570347
5454,random,D,original_one_sided,1,1,0.399395,0.307897,0.201612,0.998114,0.72629,0.000251542,0.00125225,0.00500621,7295714592094838707
5555,random,D,original_one_sided,1,1,0.529514,0.350406,0.523071,0.99596,0.590287,0.000252958,0.00124667,0.00499229,5149605271688457828
5656,random,D,original_one_sided,1,1,0.219762,0.193731,0.211752,0.997828,0.757351,0.00024825,0.00125354,0.0049975,11541920501219194692
101,random,Y,both_update,1,1,0.631816,0.43321,0.464827,0.999086,0.738617,0.000248208,0.00124396,0.00500592,15088318594308599739
202,random,Y,both_update,1,1,0.411844,0.260957,0.111806,0.99929,0.70261,0.000248625,0.00125575,0.00498742,4914822966185049061
303,random,Y,both_update,1,1,0.178213,0.158623,0.445771,0.998559,0.715992,0.000253875,0.00126771,0.00500675,4592148954548078428
404,random,Y,both_update,1,1,0.38858,0.298991,0.341293,0.999011,0.745362,0.000249333,0.00125554,0.00499383,3352798620045422019
505,random,Y,both_update,1,1,0.443927,0.309203,0.319533,0.999252,0.655001,0.000247417,0.00124296,0.00498042,4759851087943297059
606,random,Y,both_update,1,1,0.59044,0.396092,0.271803,0.998821,0.71287,0.000251,0.00126108,0.00499421,7977712089098221410
707,random,Y,both_update,1,1,0.568345,0.375175,0.372705,0.998813,0.742235,0.000251792,0.00125763,0.00500646,6626978477444108832
808,random,Y,both_update,1,1,0.357585,0.26652,0.212458,0.998907,0.731409,0.000251792,0.00124754,0.00497671,8938853467923338380
909,random,Y,both_update,1,1,0.629929,0.442906,0.458274,0.998616,0.754607,0.000252875,0.00125146,0.00499371,7523379821232620433
1010,random,Y,both_update,1,1,0.39353,0.294995,0.2449,0.999106,0.756892,0.000249875,0.00125117,0.00500513,6095443981521357002
1111,random,Y,both_update,1,1,0.686062,0.509377,0.228815,0.99911,0.0550557,0.000251,0.00123296,0.00496196,1709130890311390258
1212,random,Y,both_update,1,1,0.238319,0.187236,0.378658,0.998994,0.727477,0.00025025,0.00125942,0.00500263,6566218846149515846
1313,random,Y,both_update,1,1,0.0457126,0.0490847,0.162619,0.999052,0.737419,0.000249875,0.00123775,0.00496054,5265459889430765273
1414,random,Y,both_update,1,1,0.535446,0.347012,0.129707,0.999433,0.775659,0.000251125,0.00126492,0.00501371,16757399655768377468
1515,random,Y,both_update,1,1,0.108163,0.0878398,0.16698,0.998923,0.691249,0.000244042,0.00124642,0.00496383,15553783089522774953
1616,random,Y,both_update,1,1,0.57403,0.429902,0.360186,0.998522,0.744208,0.000249292,0.0012575,0.00498654,2925567432917206370
1717,random,Y,both_update,1,1,0.571078,0.359755,0.273734,0.999079,0.747572,0.000247375,0.00123758,0.00498325,5315331658029473431
1818,random,Y,both_update,1,1,0.0529859,0.0593901,0.270618,0.998774,0.73036,0.000251375,0.0012485,0.00498958,8503298889816827995
1919,random,Y,both_update,1,1,0.648166,0.423104,0.169676,0.998909,0.726033,0.00024975,0.00124192,0.0049755,2554226534663858501
2020,random,Y,both_update,1,1,0.117805,0.0788842,0.407423,0.998084,0.744662,0.000251375,0.00123221,0.00497462,412551867755059251
2121,random,Y,both_update,1,1,0.101906,0.0825837,0.272013,0.998624,0.760934,0.000241875,0.00124625,0.00497975,6823530061885106871
2222,random,Y,both_update,1,1,0.212918,0.175303,0.39204,0.998978,0.701773,0.000244083,0.00124738,0.00499696,9549826686038314684
2323,random,Y,both_update,1,1,0.109002,0.104911,0.22521,0.999225,0.738665,0.0002535,0.00124875,0.00498863,12942702738109462900
2424,random,Y,both_update,1,1,0.652957,0.422753,0.150237,0.999382,0.755422,0.000247167,0.00125913,0.00501483,1924404037196765821
2525,random,Y,both_update,1,1,0.665736,0.420117,0.130544,0.999625,0.74656,0.000253417,0.00124242,0.004967,2742544841774463500
2626,random,Y,both_update,1,1,0.0640523,0.0708331,0.271829,0.998864,0.727034,0.000252292,0.00123508,0.00497933,620250434444110995
2727,random,Y,both_update,1,1,0.0423152,0.0627679,0.297293,0.999234,0.530398,0.000260125,0.00125679,0.00497333,2022552238131814483
2828,random,Y,both_update,1,1,0.448422,0.346133,0.369952,0.998527,0.73555,0.000253167,0.0012575,0.00499158,3998001521368178311
2929,random,Y,both_update,1,1,0.593629,0.396016,0.396427,0.998753,0.74586,0.000252042,0.00124425,0.00497775,9683457375107194807
3030,random,Y,both_update,1,1,0.0374459,0.049602,0.235611,0.999262,0.754261,0.000248833,0.00125204,0.00497058,10071646235806721820
3131,random,Y,both_update,1,1,0.358878,0.245391,0.1905,0.998981,0.724614,0.000247417,0.00125225,0.00498942,9229365724962856925
3232,random,Y,both_update,1,1,0.0421102,0.0578344,0.311946,0.998562,0.708589,0.000251708,0.00125296,0.00499787,13671435268397155858
3333,random,Y,both_update,1,1,0.0463864,0.0443777,0.389486,0.998543,0.718947,0.000246833,0.001239,0.00495612,2059749156295377661
3434,random,Y,both_update,1,1,0.0420378,0.0511468,0.279048,0.999133,0.774913,0.000251875,0.00124408,0.004983,7553414289207416667
3535,random,Y,both_update,1,1,0.0412762,0.064777,0.380582,0.998982,0.541662,0.0002545,0.00126125,0.00500029,14471077341508696832
3636,random,Y,both_update,1,1,0.0638601,0.07284,0.33132,0.998481,0.665809,0.000249958,0.00124887,0.00496383,16185903053348071721
3737,random,Y,both_update,1,1,0.056151,0.0513392,0.448922,0.998702,0.7439,0.000255667,0.00125208,0.00498858,5416711868088930675
3838,random,Y,both_update,1,1,0.371016,0.235895,0.24049,0.998918,0.78919,0.000253625,0.00126267,0.00500525,3366072728673555250
3939,random,Y,both_update,1,1,0.103938,0.0903448,0.27468,0.998853,0.774467,0.000241583,0.00123354,0.004962,13885551371623210596
4040,random,Y,both_update,1,1,0.183021,0.130717,0.260691,0.998684,0.743058,0.000251083,0.00124275,0.00496796,13341758029431325002
4141,random,Y,both_update,1,1,0.102775,0.107178,0.258874,0.99882,0.723061,0.000248958,0.0012475,0.00499296,10471921851167804589
4242,random,Y,both_update,1,1,0.230179,0.174126,0.402784,0.998627,0.714161,0.000254458,0.00124546,0.00497712,11216438071147082940
4343,random,Y,both_update,1,1,0.0693418,0.0863585,0.396732,0.99886,0.715599,0.000249333,0.00123896,0.00497129,14660719490780590819
4444,random,Y,both_update,1,1,0.380185,0.265894,0.229497,0.999505,0.761732,0.000248458,0.00124546,0.00497029,12858910272898107015
4545,random,Y,both_update,1,1,0.440218,0.291897,0.425389,0.998551,0.723742,0.000250875,0.00125063,0.00496879,4665785661025933132
4646,random,Y,both_update,1,1,0.11385,0.105125,0.0934045,0.999512,0.741948,0.000253917,0.001259,0.00498004,10612391144567432223
4747,random,Y,both_update,1,1,0.0545293,0.0440417,0.108777,0.999528,0.662679,0.000249583,0.00124908,0.00497679,2806913601698330356
4848,random,Y,both_update,1,1,0.0743536,0.0656695,0.283505,0.999255,0.724313,0.000254417,0.00124862,0.00500308,13041343288079651521
4949,random,Y,both_update,1,1,0.507492,0.34849,0.215292,0.999737,0.797067,0.000252458,0.00124471,0.00498117,15688078512293176947
5050,random,Y,both_update,1,1,0.0514179,0.0428212,0.084079,0.999505,0.78192,0.000248208,0.00125821,0.00498308,14347374636339464340
5151,random,Y,both_update,1,1,0.423091,0.288521,0.380331,0.999109,0.73631,0.000253875,0.00125487,0.00499342,9535685278167279799
5252,random,Y,both_update,1,1,0.406198,0.286277,0.440285,0.99828,0.766052,0.000248292,0.00125129,0.00498538,8498188523165093839
5353,random,Y,both_update,1,1,0.0620319,0.0749517,0.368848,0.998772,0.692226,0.000249958,0.0012565,0.00500179,11689919448206570347
5454,random,Y,both_update,1,1,0.525105,0.381667,0.211036,0.999274,0.746004,0.00025275,0.00125058,0.00499987,7295714592094838707
5555,random,Y,both_update,1,1,0.296748,0.242183,0.524382,0.998418,0.574306,0.000253,0.00125254,0.00499367,5149605271688457828
5656,random,Y,both_update,1,1,0.056062,0.0670811,0.20357,0.999138,0.766047,0.000246875,0.00124867,0.00499063,11541920501219194692
101,random,D_SWAP,swapped_one_sided,1,1,0.597771,0.422371,0.462031,0.997431,0.709793,0.000248625,0.00124913,0.00499417,15088318594308599739
202,random,D_SWAP,swapped_one_sided,1,1,0.620094,0.405666,0.117247,0.997992,0.681439,0.000250833,0.00126142,0.00499192,4914822966185049061
303,random,D_SWAP,swapped_one_sided,1,1,0.349183,0.270795,0.460642,0.995957,0.717532,0.000257583,0.00126867,0.00502758,4592148954548078428
404,random,D_SWAP,swapped_one_sided,1,1,0.612465,0.400748,0.293393,0.997447,0.748165,0.000247542,0.00124592,0.00498521,3352798620045422019
505,random,D_SWAP,swapped_one_sided,1,1,0.615226,0.412267,0.327432,0.997938,0.689215,0.000246333,0.00124783,0.00497167,4759851087943297059
606,random,D_SWAP,swapped_one_sided,1,1,0.557565,0.384191,0.276473,0.996766,0.710773,0.0002495,0.00124904,0.00497325,7977712089098221410
707,random,D_SWAP,swapped_one_sided,1,1,0.59763,0.410796,0.378794,0.996625,0.743673,0.000248833,0.001248,0.00500317,6626978477444108832
808,random,D_SWAP,swapped_one_sided,1,1,0.0487998,0.0526848,0.218451,0.996852,0.713994,0.000251708,0.00125446,0.00498113,8938853467923338380
909,random,D_SWAP,swapped_one_sided,1,1,0.635555,0.466275,0.454427,0.996523,0.73165,0.00025125,0.00124963,0.00497279,7523379821232620433
1010,random,D_SWAP,swapped_one_sided,1,1,0.594011,0.395074,0.256191,0.997465,0.747584,0.000251833,0.00126433,0.00500558,6095443981521357002
1111,random,D_SWAP,swapped_one_sided,1,1,0.148626,0.147122,0.238559,0.997523,0.214468,0.000253125,0.00124558,0.00496425,1709130890311390258
1212,random,D_SWAP,swapped_one_sided,1,1,0.458554,0.320647,0.329622,0.997611,0.67713,0.000256833,0.00125908,0.00497112,6566218846149515846
1313,random,D_SWAP,swapped_one_sided,1,1,0.0895838,0.0831547,0.167486,0.997653,0.715144,0.000244917,0.00123146,0.00496754,5265459889430765273
1414,random,D_SWAP,swapped_one_sided,1,1,0.0709931,0.0369351,0.133008,0.998458,0.734726,0.000250625,0.00125292,0.00500604,16757399655768377468
1515,random,D_SWAP,swapped_one_sided,1,1,0.142256,0.120224,0.179278,0.996872,0.682476,0.000249208,0.001245,0.00497742,15553783089522774953
1616,random,D_SWAP,swapped_one_sided,1,1,0.54996,0.411007,0.342159,0.995931,0.724053,0.000249042,0.00123971,0.00495292,2925567432917206370
1717,random,D_SWAP,swapped_one_sided,1,1,0.283135,0.173343,0.277021,0.997418,0.735983,0.000252042,0.00125146,0.00497979,5315331658029473431
1818,random,D_SWAP,swapped_one_sided,1,1,0.219707,0.163138,0.26006,0.996816,0.730696,0.000250042,0.001247,0.00498254,8503298889816827995
1919,random,D_SWAP,swapped_one_sided,1,1,0.661788,0.458367,0.166991,0.996947,0.713333,0.000252792,0.00126392,0.00499075,2554226534663858501
2020,random,D_SWAP,swapped_one_sided,1,1,0.0747497,0.0501483,0.391767,0.995087,0.758404,0.000250708,0.00124879,0.00496804,412551867755059251
2121,random,D_SWAP,swapped_one_sided,1,1,0.389305,0.289054,0.280102,0.996307,0.747692,0.000245042,0.00125162,0.004983,6823530061885106871
2222,random,D_SWAP,swapped_one_sided,1,1,0.393615,0.294717,0.352148,0.997256,0.702672,0.000247167,0.00124633,0.00496487,9549826686038314684
2323,random,D_SWAP,swapped_one_sided,1,1,0.351277,0.278629,0.231641,0.997754,0.735085,0.000248833,0.00123929,0.00497437,12942702738109462900
2424,random,D_SWAP,swapped_one_sided,1,1,0.664735,0.441824,0.149739,0.998286,0.74427,0.000251333,0.0012585,0.00500821,1924404037196765821
2525,random,D_SWAP,swapped_one_sided,1,1,0.73462,0.467826,0.135349,0.998934,0.731593,0.00025025,0.00123721,0.00497558,2742544841774463500
2626,random,D_SWAP,swapped_one_sided,1,1,0.0624844,0.0688758,0.245925,0.996858,0.690554,0.000245875,0.00124017,0.00496679,620250434444110995
2727,random,D_SWAP,swapped_one_sided,1,1,0.0490131,0.0453949,0.293144,0.997952,0.575333,0.000254,0.00125438,0.00498583,2022552238131814483
2828,random,D_SWAP,swapped_one_sided,1,1,0.516353,0.357589,0.354346,0.996076,0.732017,0.000251542,0.00124717,0.00495642,3998001521368178311
2929,random,D_SWAP,swapped_one_sided,1,1,0.63127,0.433808,0.406846,0.996471,0.740756,0.000247417,0.00123583,0.00496304,9683457375107194807
3030,random,D_SWAP,swapped_one_sided,1,1,0.104487,0.100813,0.243065,0.998119,0.719359,0.00025375,0.00125312,0.00498408,10071646235806721820
3131,random,D_SWAP,swapped_one_sided,1,1,0.544129,0.342925,0.214737,0.99745,0.699763,0.000248917,0.00125033,0.00498971,9229365724962856925
3232,random,D_SWAP,swapped_one_sided,1,1,0.0992428,0.104555,0.304043,0.996271,0.697346,0.000247875,0.0012505,0.00499092,13671435268397155858
3333,random,D_SWAP,swapped_one_sided,1,1,0.0986598,0.0886894,0.347569,0.996028,0.6856,0.000244417,0.00124337,0.00496621,2059749156295377661
3434,random,D_SWAP,swapped_one_sided,1,1,0.068323,0.0729451,0.262795,0.997502,0.761672,0.000248417,0.00124496,0.00498704,7553414289207416667
3535,random,D_SWAP,swapped_one_sided,1,1,0.0458552,0.0672684,0.385509,0.997346,0.536454,0.000249083,0.00125312,0.00499667,14471077341508696832
3636,random,D_SWAP,swapped_one_sided,1,1,0.27487,0.23689,0.322033,0.99596,0.651771,0.000253667,0.00124429,0.00496492,16185903053348071721
3737,random,D_SWAP,swapped_one_sided,1,1,0.343368,0.251267,0.455204,0.996486,0.735215,0.000255708,0.00124379,0.00499008,5416711868088930675
3838,random,D_SWAP,swapped_one_sided,1,1,0.397955,0.253212,0.257203,0.997147,0.79567,0.000249,0.00125692,0.00497854,3366072728673555250
3939,random,D_SWAP,swapped_one_sided,1,1,0.341191,0.244994,0.240671,0.997012,0.753249,0.000245917,0.00124662,0.00497012,13885551371623210596
4040,random,D_SWAP,swapped_one_sided,1,1,0.30943,0.226534,0.261603,0.996281,0.713022,0.000250042,0.00125033,0.00497946,13341758029431325002
4141,random,D_SWAP,swapped_one_sided,1,1,0.373077,0.251551,0.257057,0.996697,0.708497,0.000250208,0.00124763,0.00500212,10471921851167804589
4242,random,D_SWAP,swapped_one_sided,1,1,0.0440272,0.0541945,0.410506,0.996117,0.708552,0.00025175,0.00125238,0.00498487,11216438071147082940
4343,random,D_SWAP,swapped_one_sided,1,1,0.374446,0.276807,0.372642,0.996794,0.701822,0.000250083,0.00123438,0.00497129,14660719490780590819
4444,random,D_SWAP,swapped_one_sided,1,1,0.557262,0.37732,0.231654,0.998594,0.745292,0.000249667,0.00123767,0.00495387,12858910272898107015
4545,random,D_SWAP,swapped_one_sided,1,1,0.593218,0.405253,0.395554,0.996212,0.707877,0.000252042,0.00125375,0.00496213,4665785661025933132
4646,random,D_SWAP,swapped_one_sided,1,1,0.378582,0.2813,0.0788598,0.998699,0.725232,0.000247667,0.00124638,0.00496579,10612391144567432223
4747,random,D_SWAP,swapped_one_sided,1,1,0.0848401,0.0788126,0.109182,0.998682,0.732994,0.000254917,0.00125296,0.00497138,2806913601698330356
4848,random,D_SWAP,swapped_one_sided,1,1,0.337891,0.245004,0.283343,0.997924,0.723074,0.000253583,0.00125142,0.00497954,13041343288079651521
4949,random,D_SWAP,swapped_one_sided,1,1,0.518947,0.358169,0.207987,0.999298,0.791568,0.000252875,0.00124604,0.00495442,15688078512293176947
5050,random,D_SWAP,swapped_one_sided,1,1,0.105175,0.0953229,0.0801023,0.998584,0.768306,0.000250542,0.00125712,0.00497775,14347374636339464340
5151,random,D_SWAP,swapped_one_sided,1,1,0.227015,0.16626,0.37868,0.997796,0.702834,0.000255125,0.00124996,0.00500521,9535685278167279799
5252,random,D_SWAP,swapped_one_sided,1,1,0.612526,0.396657,0.422918,0.995511,0.752493,0.000249708,0.00125212,0.00497817,8498188523165093839
5353,random,D_SWAP,swapped_one_sided,1,1,0.145133,0.139401,0.31793,0.996841,0.710561,0.000257125,0.00125358,0.004985,11689919448206570347
5454,random,D_SWAP,swapped_one_sided,1,1,0.439716,0.342277,0.200931,0.998123,0.727212,0.000252333,0.00125325,0.00500075,7295714592094838707
5555,random,D_SWAP,swapped_one_sided,1,1,0.517358,0.3596,0.522689,0.995918,0.581268,0.000249708,0.00125004,0.00499862,5149605271688457828
5656,random,D_SWAP,swapped_one_sided,1,1,0.218408,0.182265,0.212649,0.997832,0.758621,0.000245625,0.00125558,0.00499654,11541920501219194692
101,random,Y_ABLATE,both_update,0,1,0.648384,0.460357,0.406404,0.971328,0.707424,0.000248208,0.00124396,0.00500592,15088318594308599739
202,random,Y_ABLATE,both_update,0,1,0.386018,0.259398,0.0812003,0.971424,0.667697,0.000248625,0.00125575,0.00498742,4914822966185049061
303,random,Y_ABLATE,both_update,0,1,0.168645,0.15577,0.37738,0.963149,0.683005,0.000253875,0.00126771,0.00500675,4592148954548078428
404,random,Y_ABLATE,both_update,0,1,0.386189,0.297639,0.296577,0.967026,0.713681,0.000249333,0.00125554,0.00499383,3352798620045422019
505,random,Y_ABLATE,both_update,0,1,0.41959,0.305913,0.280082,0.983803,0.621133,0.000247417,0.00124296,0.00498042,4759851087943297059
606,random,Y_ABLATE,both_update,0,1,0.60993,0.43255,0.219773,0.959548,0.674498,0.000251,0.00126108,0.00499421,7977712089098221410
707,random,Y_ABLATE,both_update,0,1,0.493902,0.330293,0.311645,0.965071,0.706594,0.000251792,0.00125763,0.00500646,6626978477444108832
808,random,Y_ABLATE,both_update,0,1,0.33298,0.262463,0.177449,0.942034,0.698007,0.000251792,0.00124754,0.00497671,8938853467923338380
909,random,Y_ABLATE,both_update,0,1,0.618041,0.449095,0.399037,0.954567,0.7273,0.000252875,0.00125146,0.00499371,7523379821232620433
1010,random,Y_ABLATE,both_update,0,1,0.368284,0.287942,0.182441,0.963336,0.714858,0.000249875,0.00125117,0.00500513,6095443981521357002
1111,random,Y_ABLATE,both_update,0,1,0.678656,0.510894,0.184423,0.964124,0.0478856,0.000251,0.00123296,0.00496196,1709130890311390258
1212,random,Y_ABLATE,both_update,0,1,0.238906,0.185493,0.328932,0.968099,0.701366,0.00025025,0.00125942,0.00500263,6566218846149515846
1313,random,Y_ABLATE,both_update,0,1,0.0461385,0.0494327,0.128024,0.961061,0.701157,0.000249875,0.00123775,0.00496054,5265459889430765273
1414,random,Y_ABLATE,both_update,0,1,0.536513,0.348659,0.0996048,0.957387,0.743637,0.000251125,0.00126492,0.00501371,16757399655768377468
1515,random,Y_ABLATE,both_update,0,1,0.0880237,0.0751006,0.126495,0.955966,0.656528,0.000244042,0.00124642,0.00496383,15553783089522774953
1616,random,Y_ABLATE,both_update,0,1,0.566524,0.428754,0.294002,0.970955,0.709204,0.000249292,0.0012575,0.00498654,2925567432917206370
1717,random,Y_ABLATE,both_update,0,1,0.584773,0.365848,0.233385,0.968013,0.716729,0.000247375,0.00123758,0.00498325,5315331658029473431
1818,random,Y_ABLATE,both_update,0,1,0.052622,0.0590157,0.218946,0.940584,0.695309,0.000251375,0.0012485,0.00498958,8503298889816827995
1919,random,Y_ABLATE,both_update,0,1,0.628208,0.433182,0.130903,0.970175,0.685555,0.00024975,0.00124192,0.0049755,2554226534663858501
2020,random,Y_ABLATE,both_update,0,1,0.129985,0.0717273,0.335486,0.965485,0.71162,0.000251375,0.00123221,0.00497462,412551867755059251
2121,random,Y_ABLATE,both_update,0,1,0.0941699,0.0773724,0.214631,0.936225,0.728526,0.000241875,0.00124625,0.00497975,6823530061885106871
2222,random,Y_ABLATE,both_update,0,1,0.212912,0.175193,0.327054,0.971093,0.670957,0.000244083,0.00124738,0.00499696,9549826686038314684
2323,random,Y_ABLATE,both_update,0,1,0.109018,0.104526,0.171758,0.950121,0.695951,0.0002535,0.00124875,0.00498863,12942702738109462900
2424,random,Y_ABLATE,both_update,0,1,0.662359,0.44913,0.129938,0.967906,0.719979,0.000247167,0.00125913,0.00501483,1924404037196765821
2525,random,Y_ABLATE,both_update,0,1,0.631326,0.421535,0.103118,0.966115,0.708468,0.000253417,0.00124242,0.004967,2742544841774463500
2626,random,Y_ABLATE,both_update,0,1,0.0636503,0.0706232,0.217257,0.966642,0.690572,0.000252292,0.00123508,0.00497933,620250434444110995
2727,random,Y_ABLATE,both_update,0,1,0.042315,0.0627679,0.263304,0.977071,0.507,0.000260125,0.00125679,0.00497333,2022552238131814483
2828,random,Y_ABLATE,both_update,0,1,0.43554,0.344329,0.304289,0.949811,0.697439,0.000253167,0.0012575,0.00499158,3998001521368178311
2929,random,Y_ABLATE,both_update,0,1,0.562565,0.385048,0.318725,0.965183,0.711834,0.000252042,0.00124425,0.00497775,9683457375107194807
3030,random,Y_ABLATE,both_update,0,1,0.0374544,0.0496109,0.177498,0.97038,0.720187,0.000248833,0.00125204,0.00497058,10071646235806721820
3131,random,Y_ABLATE,both_update,0,1,0.306964,0.227293,0.154643,0.974836,0.695002,0.000247417,0.00125225,0.00498942,9229365724962856925
3232,random,Y_ABLATE,both_update,0,1,0.0421056,0.0578327,0.249824,0.966152,0.674434,0.000251708,0.00125296,0.00499787,13671435268397155858
3333,random,Y_ABLATE,both_update,0,1,0.0463864,0.0443777,0.324807,0.97352,0.683503,0.000246833,0.001239,0.00495612,2059749156295377661
3434,random,Y_ABLATE,both_update,0,1,0.040879,0.0504437,0.225139,0.972481,0.742631,0.000251875,0.00124408,0.004983,7553414289207416667
3535,random,Y_ABLATE,both_update,0,1,0.0412759,0.0647772,0.323336,0.970004,0.507409,0.0002545,0.00126125,0.00500029,14471077341508696832
3636,random,Y_ABLATE,both_update,0,1,0.063822,0.0727711,0.278204,0.978789,0.634028,0.000249958,0.00124887,0.00496383,16185903053348071721
3737,random,Y_ABLATE,both_update,0,1,0.0502741,0.0462228,0.387252,0.966949,0.71293,0.000255667,0.00125208,0.00498858,5416711868088930675
3838,random,Y_ABLATE,both_update,0,1,0.472782,0.316713,0.198493,0.950127,0.755748,0.000253625,0.00126267,0.00500525,3366072728673555250
3939,random,Y_ABLATE,both_update,0,1,0.10345,0.0900254,0.22185,0.954582,0.740794,0.000241583,0.00123354,0.004962,13885551371623210596
4040,random,Y_ABLATE,both_update,0,1,0.168452,0.123181,0.223278,0.953416,0.713217,0.000251083,0.00124275,0.00496796,13341758029431325002
4141,random,Y_ABLATE,both_update,0,1,0.0999935,0.0991916,0.196899,0.979627,0.681906,0.000248958,0.0012475,0.00499296,10471921851167804589
4242,random,Y_ABLATE,both_update,0,1,0.20848,0.163521,0.345562,0.963814,0.67816,0.000254458,0.00124546,0.00497712,11216438071147082940
4343,random,Y_ABLATE,both_update,0,1,0.0653673,0.0843798,0.348669,0.970352,0.685386,0.000249333,0.00123896,0.00497129,14660719490780590819
4444,random,Y_ABLATE,both_update,0,1,0.293494,0.20617,0.192001,0.976893,0.729672,0.000248458,0.00124546,0.00497029,12858910272898107015
4545,random,Y_ABLATE,both_update,0,1,0.406835,0.288258,0.359583,0.950966,0.693628,0.000250875,0.00125063,0.00496879,4665785661025933132
4646,random,Y_ABLATE,both_update,0,1,0.110319,0.103966,0.0632612,0.970248,0.701875,0.000253917,0.001259,0.00498004,10612391144567432223
4747,random,Y_ABLATE,both_update,0,1,0.0544663,0.0440043,0.0858218,0.963714,0.619278,0.000249583,0.00124908,0.00497679,2806913601698330356
4848,random,Y_ABLATE,both_update,0,1,0.0721859,0.0640833,0.235601,0.965001,0.68678,0.000254417,0.00124862,0.00500308,13041343288079651521
4949,random,Y_ABLATE,both_update,0,1,0.514105,0.355224,0.16467,0.976744,0.755639,0.000252458,0.00124471,0.00498117,15688078512293176947
5050,random,Y_ABLATE,both_update,0,1,0.051399,0.0428068,0.0627988,0.974446,0.755931,0.000248208,0.00125821,0.00498308,14347374636339464340
5151,random,Y_ABLATE,both_update,0,1,0.363619,0.263187,0.31266,0.979107,0.705668,0.000253875,0.00125487,0.00499342,9535685278167279799
5252,random,Y_ABLATE,both_update,0,1,0.39232,0.293939,0.385035,0.955213,0.734922,0.000248292,0.00125129,0.00498538,8498188523165093839
5353,random,Y_ABLATE,both_update,0,1,0.0620299,0.0749502,0.318474,0.967971,0.660403,0.000249958,0.0012565,0.00500179,11689919448206570347
5454,random,Y_ABLATE,both_update,0,1,0.576515,0.423021,0.177571,0.970491,0.71904,0.00025275,0.00125058,0.00499987,7295714592094838707
5555,random,Y_ABLATE,both_update,0,1,0.276661,0.227459,0.462415,0.968833,0.54708,0.000253,0.00125254,0.00499367,5149605271688457828
5656,random,Y_ABLATE,both_update,0,1,0.0561165,0.0671475,0.157117,0.968466,0.732399,0.000246875,0.00124867,0.00499063,11541920501219194692
101,random,Y_HALFALPHA,both_update,1,0.5,0.488065,0.376697,0.640003,0.998285,0.78759,0.000248208,0.00124396,0.00500592,15088318594308599739
202,random,Y_HALFALPHA,both_update,1,0.5,0.560019,0.354027,0.235764,0.998576,0.769958,0.000248625,0.00125575,0.00498742,4914822966185049061
303,random,Y_HALFALPHA,both_update,1,0.5,0.137366,0.0918193,0.647319,0.997255,0.781043,0.000253875,0.00126771,0.00500675,4592148954548078428
404,random,Y_HALFALPHA,both_update,1,0.5,0.528638,0.346334,0.505923,0.99832,0.796892,0.000249333,0.00125554,0.00499383,3352798620045422019
505,random,Y_HALFALPHA,both_update,1,0.5,0.572932,0.379389,0.465792,0.99858,0.728679,0.000247417,0.00124296,0.00498042,4759851087943297059
606,random,Y_HALFALPHA,both_update,1,0.5,0.48956,0.350524,0.454242,0.997783,0.778445,0.000251,0.00126108,0.00499421,7977712089098221410
707,random,Y_HALFALPHA,both_update,1,0.5,0.615975,0.424241,0.592187,0.997695,0.80447,0.000251792,0.00125763,0.00500646,6626978477444108832
808,random,Y_HALFALPHA,both_update,1,0.5,0.138496,0.0854363,0.320746,0.997812,0.792559,0.000251792,0.00124754,0.00497671,8938853467923338380
909,random,Y_HALFALPHA,both_update,1,0.5,0.618682,0.467363,0.659563,0.997713,0.790895,0.000252875,0.00125146,0.00499371,7523379821232620433
1010,random,Y_HALFALPHA,both_update,1,0.5,0.509542,0.350499,0.472531,0.998215,0.824254,0.000249875,0.00125117,0.00500513,6095443981521357002
1111,random,Y_HALFALPHA,both_update,1,0.5,0.152486,0.154872,0.39423,0.998232,0.073185,0.000251,0.00123296,0.00496196,1709130890311390258
1212,random,Y_HALFALPHA,both_update,1,0.5,0.303885,0.207608,0.550345,0.998477,0.773223,0.00025025,0.00125942,0.00500263,6566218846149515846
1313,random,Y_HALFALPHA,both_update,1,0.5,0.0496768,0.051453,0.281897,0.998499,0.794235,0.000249875,0.00123775,0.00496054,5265459889430765273
1414,random,Y_HALFALPHA,both_update,1,0.5,0.537125,0.364197,0.263901,0.998926,0.831303,0.000251125,0.00126492,0.00501371,16757399655768377468
1515,random,Y_HALFALPHA,both_update,1,0.5,0.397316,0.269042,0.308883,0.997813,0.758684,0.000244042,0.00124642,0.00496383,15553783089522774953
1616,random,Y_HALFALPHA,both_update,1,0.5,0.578449,0.457574,0.566465,0.997221,0.782438,0.000249292,0.0012575,0.00498654,2925567432917206370
1717,random,Y_HALFALPHA,both_update,1,0.5,0.567443,0.366563,0.420723,0.998241,0.807977,0.000247375,0.00123758,0.00498325,5315331658029473431
1818,random,Y_HALFALPHA,both_update,1,0.5,0.0484612,0.0520015,0.420489,0.997784,0.789036,0.000251375,0.0012485,0.00498958,8503298889816827995
1919,random,Y_HALFALPHA,both_update,1,0.5,0.635154,0.449278,0.29625,0.997891,0.789779,0.00024975,0.00124192,0.0049755,2554226534663858501
2020,random,Y_HALFALPHA,both_update,1,0.5,0.188266,0.0719985,0.620823,0.996668,0.79752,0.000251375,0.00123221,0.00497462,412551867755059251
2121,random,Y_HALFALPHA,both_update,1,0.5,0.257535,0.190559,0.517103,0.997405,0.812634,0.000241875,0.00124625,0.00497975,6823530061885106871
2222,random,Y_HALFALPHA,both_update,1,0.5,0.235412,0.189134,0.589496,0.998117,0.757439,0.000244083,0.00124738,0.00499696,9549826686038314684
2323,random,Y_HALFALPHA,both_update,1,0.5,0.131795,0.119578,0.401654,0.998433,0.798545,0.0002535,0.00124875,0.00498863,12942702738109462900
2424,random,Y_HALFALPHA,both_update,1,0.5,0.544804,0.359828,0.228276,0.998817,0.823213,0.000247167,0.00125913,0.00501483,1924404037196765821
2525,random,Y_HALFALPHA,both_update,1,0.5,0.69775,0.453001,0.236756,0.999264,0.809086,0.000253417,0.00124242,0.004967,2742544841774463500
2626,random,Y_HALFALPHA,both_update,1,0.5,0.188272,0.119406,0.425848,0.997895,0.784389,0.000252292,0.00123508,0.00497933,620250434444110995
2727,random,Y_HALFALPHA,both_update,1,0.5,0.0423963,0.0628406,0.392507,0.998578,0.578447,0.000260125,0.00125679,0.00497333,2022552238131814483
2828,random,Y_HALFALPHA,both_update,1,0.5,0.548095,0.383163,0.584052,0.997285,0.796448,0.000253167,0.0012575,0.00499158,3998001521368178311
2929,random,Y_HALFALPHA,both_update,1,0.5,0.59557,0.418101,0.677085,0.997581,0.796882,0.000252042,0.00124425,0.00497775,9683457375107194807
3030,random,Y_HALFALPHA,both_update,1,0.5,0.0481192,0.0550913,0.440006,0.998716,0.808803,0.000248833,0.00125204,0.00497058,10071646235806721820
3131,random,Y_HALFALPHA,both_update,1,0.5,0.503299,0.305758,0.329484,0.998296,0.76793,0.000247417,0.00125225,0.00498942,9229365724962856925
3232,random,Y_HALFALPHA,both_update,1,0.5,0.042874,0.0583317,0.498358,0.997477,0.767767,0.000251708,0.00125296,0.00499787,13671435268397155858
3333,random,Y_HALFALPHA,both_update,1,0.5,0.0464441,0.044397,0.593389,0.9973,0.778781,0.000246833,0.001239,0.00495612,2059749156295377661
3434,random,Y_HALFALPHA,both_update,1,0.5,0.126542,0.0847902,0.487628,0.998245,0.835985,0.000251875,0.00124408,0.004983,7553414289207416667
3535,random,Y_HALFALPHA,both_update,1,0.5,0.0494444,0.0674918,0.596472,0.9982,0.5983,0.0002545,0.00126125,0.00500029,14471077341508696832
3636,random,Y_HALFALPHA,both_update,1,0.5,0.0711467,0.077686,0.513362,0.997264,0.722774,0.000249958,0.00124887,0.00496383,16185903053348071721
3737,random,Y_HALFALPHA,both_update,1,0.5,0.209922,0.128539,0.664211,0.997639,0.798504,0.000255667,0.00125208,0.00498858,5416711868088930675
3838,random,Y_HALFALPHA,both_update,1,0.5,0.364049,0.213269,0.391549,0.998074,0.833031,0.000253625,0.00126267,0.00500525,3366072728673555250
3939,random,Y_HALFALPHA,both_update,1,0.5,0.127531,0.103203,0.432006,0.997973,0.83004,0.000241583,0.00123354,0.004962,13885551371623210596
4040,random,Y_HALFALPHA,both_update,1,0.5,0.267545,0.167755,0.408135,0.997529,0.79315,0.000251083,0.00124275,0.00496796,13341758029431325002
4141,random,Y_HALFALPHA,both_update,1,0.5,0.257593,0.182235,0.499976,0.997718,0.792295,0.000248958,0.0012475,0.00499296,10471921851167804589
4242,random,Y_HALFALPHA,both_update,1,0.5,0.0833622,0.0585956,0.572431,0.997341,0.762976,0.000254458,0.00124546,0.00497712,11216438071147082940
4343,random,Y_HALFALPHA,both_update,1,0.5,0.312051,0.208169,0.541106,0.997782,0.765764,0.000249333,0.00123896,0.00497129,14660719490780590819
4444,random,Y_HALFALPHA,both_update,1,0.5,0.510383,0.338391,0.334022,0.999038,0.809692,0.000248458,0.00124546,0.00497029,12858910272898107015
4545,random,Y_HALFALPHA,both_update,1,0.5,0.57898,0.378472,0.64109,0.997454,0.778605,0.000250875,0.00125063,0.00496879,4665785661025933132
4646,random,Y_HALFALPHA,both_update,1,0.5,0.208403,0.153238,0.204235,0.999128,0.808111,0.000253917,0.001259,0.00498004,10612391144567432223
4747,random,Y_HALFALPHA,both_update,1,0.5,0.141226,0.0623936,0.194599,0.999079,0.774417,0.000249583,0.00124908,0.00497679,2806913601698330356
4848,random,Y_HALFALPHA,both_update,1,0.5,0.166512,0.113037,0.44296,0.998552,0.795174,0.000254417,0.00124862,0.00500308,13041343288079651521
4949,random,Y_HALFALPHA,both_update,1,0.5,0.48831,0.353215,0.381301,0.999545,0.861973,0.000252458,0.00124471,0.00498117,15688078512293176947
5050,random,Y_HALFALPHA,both_update,1,0.5,0.0708889,0.0541142,0.16056,0.999006,0.835233,0.000248208,0.00125821,0.00498308,14347374636339464340
5151,random,Y_HALFALPHA,both_update,1,0.5,0.361013,0.218542,0.622343,0.998568,0.782048,0.000253875,0.00125487,0.00499342,9535685278167279799
5252,random,Y_HALFALPHA,both_update,1,0.5,0.567483,0.356754,0.58855,0.997007,0.81365,0.000248292,0.00125129,0.00498538,8498188523165093839
5353,random,Y_HALFALPHA,both_update,1,0.5,0.0634835,0.0762251,0.550019,0.997901,0.76127,0.000249958,0.0012565,0.00500179,11689919448206570347
5454,random,Y_HALFALPHA,both_update,1,0.5,0.361233,0.297287,0.323416,0.998772,0.795919,0.00025275,0.00125058,0.00499987,7295714592094838707
5555,random,Y_HALFALPHA,both_update,1,0.5,0.514679,0.320821,0.730755,0.997282,0.625607,0.000253,0.00125254,0.00499367,5149605271688457828
5656,random,Y_HALFALPHA,both_update,1,0.5,0.0546333,0.0647277,0.348213,0.998561,0.821884,0.000246875,0.00124867,0.00499063,11541920501219194692
101,metric,D,original_one_sided,1,1,0.599925,0.431189,0.463216,0.997403,0.709831,0.496899,0.969299,0.999666,3559426015699777325
202,metric,D,original_one_sided,1,1,0.616389,0.406221,0.116048,0.997968,0.675329,0.504891,0.967665,0.999664,8861501511035084803
303,metric,D,original_one_sided,1,1,0.354483,0.275343,0.458677,0.995877,0.705777,0.498876,0.968963,0.999666,8975225533692162084
404,metric,D,original_one_sided,1,1,0.622106,0.405139,0.292504,0.997351,0.742087,0.495379,0.969649,0.999666,6408376361024084176
505,metric,D,original_one_sided,1,1,0.617253,0.408319,0.326421,0.997912,0.685067,0.504127,0.966963,0.999666,2417799959161368895
606,metric,D,original_one_sided,1,1,0.550945,0.378866,0.276816,0.996709,0.709175,0.500637,0.96852,0.999665,8501317459509533388
707,metric,D,original_one_sided,1,1,0.602268,0.409272,0.376499,0.9966,0.741174,0.498758,0.969091,0.999666,15662171287071666310
808,metric,D,original_one_sided,1,1,0.0546806,0.0581388,0.218335,0.996807,0.708133,0.499368,0.968739,0.999666,18407015339054756915
909,metric,D,original_one_sided,1,1,0.639004,0.464196,0.456646,0.996438,0.724556,0.496345,0.969601,0.999666,4478544239149268252
1010,metric,D,original_one_sided,1,1,0.583776,0.389332,0.257828,0.997447,0.746968,0.498916,0.968746,0.999666,755190751463251717
1111,metric,D,original_one_sided,1,1,0.146942,0.147014,0.239161,0.997493,0.215895,0.500946,0.968327,0.999666,2585996189402064103
1212,metric,D,original_one_sided,1,1,0.463814,0.334996,0.329479,0.997548,0.671416,0.501158,0.967689,0.999665,10907425003270472288
1313,metric,D,original_one_sided,1,1,0.0770596,0.0657312,0.167558,0.997601,0.712028,0.499982,0.967941,0.999666,15571437015538450152
1414,metric,D,original_one_sided,1,1,0.045898,0.0190603,0.133171,0.998463,0.741429,0.497419,0.969611,0.999662,13818401187068647710
1515,metric,D,original_one_sided,1,1,0.178362,0.141102,0.178868,0.996862,0.672661,0.498967,0.968786,0.999666,9520103818991610358
1616,metric,D,original_one_sided,1,1,0.556587,0.422289,0.342277,0.995886,0.712114,0.496722,0.968878,0.999666,6370879064388483270
1717,metric,D,original_one_sided,1,1,0.15644,0.0722228,0.277116,0.997413,0.73163,0.503721,0.967596,0.999666,4617993730958730273
1818,metric,D,original_one_sided,1,1,0.250533,0.170918,0.259065,0.996742,0.718138,0.498797,0.968781,0.999665,17586438532403991777
1919,metric,D,original_one_sided,1,1,0.665255,0.454847,0.167778,0.996953,0.715311,0.501561,0.968124,0.999666,6444216289996203163
2020,metric,D,original_one_sided,1,1,0.0782153,0.0475232,0.390784,0.99502,0.752533,0.501182,0.968137,0.999665,14203824128266736466
2121,metric,D,original_one_sided,1,1,0.399314,0.298937,0.280411,0.996256,0.740661,0.498499,0.968454,0.999666,470293244118626530
2222,metric,D,original_one_sided,1,1,0.400645,0.300913,0.350724,0.997242,0.703728,0.498383,0.968519,0.999665,690806196399698726
2323,metric,D,original_one_sided,1,1,0.362054,0.276765,0.230159,0.997732,0.728662,0.501277,0.968433,0.999666,16518831560136876437
2424,metric,D,original_one_sided,1,1,0.670143,0.429557,0.149668,0.998299,0.740316,0.499726,0.968886,0.999666,3390124477181697281
2525,metric,D,original_one_sided,1,1,0.738399,0.470049,0.13488,0.998942,0.72805,0.497711,0.968526,0.999666,1245026577677357165
2626,metric,D,original_one_sided,1,1,0.0690289,0.0760543,0.245573,0.996795,0.679836,0.50155,0.968726,0.999666,869329739285468153
2727,metric,D,original_one_sided,1,1,0.0471762,0.0673235,0.293627,0.997955,0.617147,0.492128,0.970876,0.999666,12780902941967493027
2828,metric,D,original_one_sided,1,1,0.512875,0.363862,0.356628,0.996053,0.729024,0.496055,0.969207,0.999666,534076354844399053
2929,metric,D,original_one_sided,1,1,0.636122,0.434072,0.410404,0.996418,0.737818,0.501187,0.968439,0.999666,11754423099787532076
3030,metric,D,original_one_sided,1,1,0.112773,0.105358,0.244681,0.998094,0.719743,0.503937,0.96729,0.999666,15376427095147143198
3131,metric,D,original_one_sided,1,1,0.545416,0.35126,0.215474,0.997385,0.69683,0.499268,0.968493,0.999666,9994664459323176775
3232,metric,D,original_one_sided,1,1,0.0978583,0.102463,0.301604,0.996236,0.684162,0.498793,0.968372,0.999665,9846777445618850379
3333,metric,D,original_one_sided,1,1,0.102454,0.0951405,0.348787,0.995993,0.688867,0.501541,0.968166,0.999666,8825895997207593111
3434,metric,D,original_one_sided,1,1,0.0794334,0.0622729,0.262254,0.997515,0.75525,0.496885,0.969147,0.999666,14632231646609225605
3535,metric,D,original_one_sided,1,1,0.0418747,0.0651905,0.38658,0.997368,0.528169,0.50151,0.96841,0.999665,2108637305347216239
3636,metric,D,original_one_sided,1,1,0.314196,0.263021,0.321535,0.995957,0.64266,0.498119,0.968784,0.999666,6543343146681988703
3737,metric,D,original_one_sided,1,1,0.353643,0.252503,0.453351,0.996426,0.73209,0.50006,0.968373,0.999666,16296054133293611688
3838,metric,D,original_one_sided,1,1,0.384371,0.242989,0.257086,0.99714,0.795427,0.498252,0.968776,0.999666,10642942659404546619
3939,metric,D,original_one_sided,1,1,0.339161,0.248965,0.240368,0.996927,0.754346,0.501915,0.96819,0.999666,6058391405990210476
4040,metric,D,original_one_sided,1,1,0.311123,0.224187,0.261339,0.996225,0.707189,0.499063,0.968503,0.999666,7294425834470909113
4141,metric,D,original_one_sided,1,1,0.38765,0.255419,0.257151,0.996702,0.706177,0.500386,0.968262,0.999666,11629758876801713625
4242,metric,D,original_one_sided,1,1,0.0477699,0.0577654,0.409168,0.996144,0.706041,0.499086,0.96895,0.999665,17409735103770715606
4343,metric,D,original_one_sided,1,1,0.361024,0.275105,0.372502,0.996756,0.689975,0.501289,0.96761,0.999666,7512600068124043673
4444,metric,D,original_one_sided,1,1,0.552917,0.366872,0.231355,0.998592,0.750296,0.502814,0.967885,0.999666,9243231461731550061
4545,metric,D,original_one_sided,1,1,0.591118,0.417497,0.397214,0.99614,0.711419,0.498963,0.968448,0.999666,9237439634471202478
4646,metric,D,original_one_sided,1,1,0.38151,0.283042,0.0780401,0.998667,0.722314,0.499246,0.968422,0.999666,16471789423557286906
4747,metric,D,original_one_sided,1,1,0.0862482,0.0780126,0.108873,0.998692,0.733523,0.500075,0.968825,0.999666,5764354274457717627
4848,metric,D,original_one_sided,1,1,0.334057,0.243045,0.282995,0.997877,0.71841,0.498143,0.969176,0.999666,929370163235647485
4949,metric,D,original_one_sided,1,1,0.520926,0.359562,0.207705,0.999276,0.786766,0.499986,0.969006,0.999666,7897670316852742842
5050,metric,D,original_one_sided,1,1,0.104896,0.0918411,0.0807177,0.998558,0.773167,0.503679,0.967656,0.999666,8610966102261512007
5151,metric,D,original_one_sided,1,1,0.169729,0.134221,0.378331,0.997766,0.700591,0.500837,0.96861,0.999665,952789433277626565
5252,metric,D,original_one_sided,1,1,0.608596,0.390206,0.424116,0.995499,0.754987,0.498559,0.968757,0.999666,13493132353709333933
5353,metric,D,original_one_sided,1,1,0.162454,0.142997,0.317906,0.9968,0.708755,0.499838,0.968321,0.999664,12535506671549849092
5454,metric,D,original_one_sided,1,1,0.448534,0.342068,0.201941,0.998092,0.721495,0.500097,0.968702,0.999666,11508579148161379995
5555,metric,D,original_one_sided,1,1,0.528832,0.357216,0.523929,0.995877,0.586476,0.498685,0.96916,0.999666,11029409976304768434
5656,metric,D,original_one_sided,1,1,0.214739,0.185903,0.210856,0.997747,0.750438,0.501947,0.967439,0.999666,9835217039994277977
101,metric,Y,both_update,1,1,0.625189,0.430491,0.464116,0.99917,0.734941,0.497667,0.970417,0.999833,3559426015699777325
202,metric,Y,both_update,1,1,0.417514,0.265718,0.111231,0.999353,0.700423,0.508333,0.968417,0.999833,8861501511035084803
303,metric,Y,both_update,1,1,0.166095,0.153899,0.443971,0.998643,0.712691,0.498917,0.9705,0.999833,8975225533692162084
404,metric,Y,both_update,1,1,0.387736,0.303374,0.340965,0.999068,0.744854,0.497,0.970417,0.999833,6408376361024084176
505,metric,Y,both_update,1,1,0.443386,0.310584,0.319556,0.99931,0.652882,0.50425,0.966167,0.999833,2417799959161368895
606,metric,Y,both_update,1,1,0.59118,0.397571,0.271208,0.998906,0.710825,0.50225,0.968667,0.999833,8501317459509533388
707,metric,Y,both_update,1,1,0.579928,0.37574,0.372798,0.998903,0.741461,0.5,0.969333,0.999833,15662171287071666310
808,metric,Y,both_update,1,1,0.370576,0.270526,0.212088,0.998993,0.738467,0.498833,0.967667,0.999833,18407015339054756915
909,metric,Y,both_update,1,1,0.62854,0.443627,0.458133,0.998717,0.750463,0.496917,0.970417,0.999833,4478544239149268252
1010,metric,Y,both_update,1,1,0.388828,0.289717,0.244212,0.999178,0.758751,0.498417,0.970167,0.999833,755190751463251717
1111,metric,Y,both_update,1,1,0.686613,0.508328,0.228502,0.999181,0.0553318,0.50225,0.968167,0.999833,2585996189402064103
1212,metric,Y,both_update,1,1,0.237362,0.188847,0.377445,0.999081,0.72465,0.497583,0.969583,0.999833,10907425003270472288
1313,metric,Y,both_update,1,1,0.0455535,0.0489551,0.161872,0.999126,0.736812,0.496583,0.967417,0.999833,15571437015538450152
1414,metric,Y,both_update,1,1,0.544732,0.353936,0.129289,0.999489,0.780876,0.498417,0.968833,0.999833,13818401187068647710
1515,metric,Y,both_update,1,1,0.110794,0.0893608,0.166908,0.999031,0.685067,0.497417,0.968083,0.999833,9520103818991610358
1616,metric,Y,both_update,1,1,0.572462,0.427266,0.360936,0.998642,0.739491,0.49375,0.97025,0.999833,6370879064388483270
1717,metric,Y,both_update,1,1,0.581214,0.362187,0.27423,0.999162,0.746812,0.50375,0.9665,0.999833,4617993730958730273
1818,metric,Y,both_update,1,1,0.053123,0.0595192,0.270764,0.998865,0.724773,0.501333,0.969667,0.999833,17586438532403991777
1919,metric,Y,both_update,1,1,0.650259,0.423792,0.169213,0.999011,0.726005,0.501167,0.968583,0.999833,6444216289996203163
2020,metric,Y,both_update,1,1,0.120246,0.0802437,0.407891,0.998245,0.743856,0.502083,0.967917,0.999833,14203824128266736466
2121,metric,Y,both_update,1,1,0.0999372,0.0801088,0.271326,0.998737,0.76168,0.497667,0.97075,0.999833,470293244118626530
2222,metric,Y,both_update,1,1,0.212951,0.175339,0.39092,0.999071,0.706064,0.497333,0.969083,0.999833,690806196399698726
2323,metric,Y,both_update,1,1,0.109542,0.105121,0.224732,0.999285,0.740065,0.503917,0.966583,0.999833,16518831560136876437
2424,metric,Y,both_update,1,1,0.653819,0.419682,0.150214,0.999445,0.752158,0.500667,0.9685,0.999833,3390124477181697281
2525,metric,Y,both_update,1,1,0.666312,0.420892,0.130591,0.999665,0.743706,0.497083,0.97025,0.999833,1245026577677357165
2626,metric,Y,both_update,1,1,0.0640593,0.0708341,0.271548,0.998941,0.722476,0.506917,0.96925,0.999833,869329739285468153
2727,metric,Y,both_update,1,1,0.0423154,0.062768,0.296449,0.999319,0.53134,0.4915,0.972,0.999833,12780902941967493027
2828,metric,Y,both_update,1,1,0.440244,0.348398,0.369108,0.998647,0.737844,0.491083,0.969917,0.999833,534076354844399053
2929,metric,Y,both_update,1,1,0.596273,0.396258,0.394906,0.998839,0.743398,0.50575,0.966167,0.999833,11754423099787532076
3030,metric,Y,both_update,1,1,0.0374461,0.0496015,0.236021,0.999331,0.754204,0.5045,0.967917,0.999833,15376427095147143198
3131,metric,Y,both_update,1,1,0.353925,0.24378,0.19252,0.999059,0.727299,0.499917,0.96875,0.999833,9994664459323176775
3232,metric,Y,both_update,1,1,0.0421091,0.0578341,0.312274,0.998676,0.704112,0.496167,0.970167,0.999833,9846777445618850379
3333,metric,Y,both_update,1,1,0.0463864,0.0443777,0.387814,0.998665,0.726533,0.49925,0.967417,0.999833,8825895997207593111
3434,metric,Y,both_update,1,1,0.0422804,0.0513589,0.277872,0.999209,0.774787,0.49625,0.969083,0.999833,14632231646609225605
3535,metric,Y,both_update,1,1,0.0412766,0.0647773,0.379296,0.999092,0.541588,0.501667,0.968,0.99975,2108637305347216239
3636,metric,Y,both_update,1,1,0.0638529,0.0728087,0.33158,0.998633,0.666108,0.494417,0.969667,0.999833,6543343146681988703
3737,metric,Y,both_update,1,1,0.0576689,0.0521025,0.44897,0.998811,0.74486,0.501,0.970667,0.999833,16296054133293611688
3838,metric,Y,both_update,1,1,0.340076,0.217949,0.240537,0.999004,0.790887,0.499333,0.969667,0.999833,10642942659404546619
3939,metric,Y,both_update,1,1,0.104244,0.0904878,0.274284,0.99894,0.779243,0.502333,0.966833,0.999833,6058391405990210476
4040,metric,Y,both_update,1,1,0.180649,0.128245,0.260955,0.998798,0.744764,0.500083,0.967083,0.999833,7294425834470909113
4141,metric,Y,both_update,1,1,0.106279,0.109953,0.25793,0.998918,0.724485,0.501,0.967,0.999833,11629758876801713625
4242,metric,Y,both_update,1,1,0.234236,0.176467,0.401681,0.998769,0.715682,0.49875,0.968,0.999833,17409735103770715606
4343,metric,Y,both_update,1,1,0.0699683,0.0864817,0.395845,0.998959,0.719658,0.501167,0.968083,0.999833,7512600068124043673
4444,metric,Y,both_update,1,1,0.383894,0.267136,0.228946,0.99955,0.765167,0.504667,0.96475,0.999833,9243231461731550061
4545,metric,Y,both_update,1,1,0.435898,0.291936,0.425485,0.998682,0.725565,0.49725,0.968833,0.999833,9237439634471202478
4646,metric,Y,both_update,1,1,0.1131,0.105424,0.0931937,0.999545,0.743708,0.496667,0.97,0.999833,16471789423557286906
4747,metric,Y,both_update,1,1,0.0545157,0.0440252,0.108825,0.999574,0.665595,0.50375,0.96975,0.999833,5764354274457717627
4848,metric,Y,both_update,1,1,0.073763,0.0654114,0.282253,0.999305,0.723538,0.5,0.968,0.999833,929370163235647485
4949,metric,Y,both_update,1,1,0.51105,0.350725,0.215645,0.999757,0.797139,0.507333,0.969833,0.999833,7897670316852742842
5050,metric,Y,both_update,1,1,0.0514292,0.0428214,0.0837476,0.999545,0.784414,0.505667,0.967917,0.999833,8610966102261512007
5151,metric,Y,both_update,1,1,0.425994,0.291754,0.380122,0.999193,0.737681,0.503167,0.96875,0.999833,952789433277626565
5252,metric,Y,both_update,1,1,0.406934,0.286444,0.440567,0.998445,0.768481,0.497,0.968,0.999833,13493132353709333933
5353,metric,Y,both_update,1,1,0.062032,0.0749518,0.369558,0.998894,0.693249,0.50125,0.969667,0.999833,12535506671549849092
5454,metric,Y,both_update,1,1,0.532702,0.384737,0.212046,0.999333,0.745953,0.503833,0.968667,0.999833,11508579148161379995
5555,metric,Y,both_update,1,1,0.312113,0.226266,0.522856,0.998528,0.584112,0.500417,0.969,0.999833,11029409976304768434
5656,metric,Y,both_update,1,1,0.0560619,0.0670806,0.20456,0.99919,0.763357,0.50125,0.96875,0.999833,9835217039994277977
101,metric,D_SWAP,swapped_one_sided,1,1,0.574852,0.417941,0.461865,0.997389,0.707929,0.497016,0.969276,0.999666,3559426015699777325
202,metric,D_SWAP,swapped_one_sided,1,1,0.618574,0.410107,0.117462,0.998008,0.675043,0.504845,0.967709,0.999664,8861501511035084803
303,metric,D_SWAP,swapped_one_sided,1,1,0.345125,0.261434,0.459174,0.995875,0.70719,0.498866,0.96898,0.999666,8975225533692162084
404,metric,D_SWAP,swapped_one_sided,1,1,0.61537,0.39595,0.292597,0.997349,0.737227,0.495298,0.969646,0.999666,6408376361024084176
505,metric,D_SWAP,swapped_one_sided,1,1,0.621323,0.408903,0.32762,0.997912,0.695575,0.504279,0.966959,0.999665,2417799959161368895
606,metric,D_SWAP,swapped_one_sided,1,1,0.574157,0.392061,0.277686,0.99672,0.702558,0.500661,0.968528,0.999664,8501317459509533388
707,metric,D_SWAP,swapped_one_sided,1,1,0.608783,0.407405,0.37685,0.996583,0.738706,0.498818,0.969068,0.999665,15662171287071666310
808,metric,D_SWAP,swapped_one_sided,1,1,0.0479527,0.0516038,0.217548,0.996779,0.72082,0.499322,0.968752,0.999666,18407015339054756915
909,metric,D_SWAP,swapped_one_sided,1,1,0.638252,0.470247,0.455678,0.996432,0.723012,0.496297,0.96959,0.999666,4478544239149268252
1010,metric,D_SWAP,swapped_one_sided,1,1,0.585725,0.400085,0.256642,0.997443,0.744731,0.498878,0.968756,0.999666,755190751463251717
1111,metric,D_SWAP,swapped_one_sided,1,1,0.558915,0.441711,0.238896,0.997489,0.051214,0.500979,0.968305,0.999666,2585996189402064103
1212,metric,D_SWAP,swapped_one_sided,1,1,0.474442,0.333533,0.328789,0.997562,0.674078,0.501142,0.967698,0.999665,10907425003270472288
1313,metric,D_SWAP,swapped_one_sided,1,1,0.0954524,0.0834472,0.166956,0.997593,0.709951,0.499931,0.967979,0.999666,15571437015538450152
1414,metric,D_SWAP,swapped_one_sided,1,1,0.0769265,0.0255196,0.133031,0.998437,0.736669,0.497388,0.9696,0.999662,13818401187068647710
1515,metric,D_SWAP,swapped_one_sided,1,1,0.165453,0.132941,0.18017,0.996891,0.674547,0.499037,0.968785,0.999666,9520103818991610358
1616,metric,D_SWAP,swapped_one_sided,1,1,0.548265,0.417036,0.340919,0.99584,0.707128,0.496755,0.968869,0.999666,6370879064388483270
1717,metric,D_SWAP,swapped_one_sided,1,1,0.239759,0.139929,0.27598,0.997374,0.730994,0.503711,0.967597,0.999665,4617993730958730273
1818,metric,D_SWAP,swapped_one_sided,1,1,0.210557,0.163342,0.258386,0.996737,0.720388,0.498751,0.968735,0.999666,17586438532403991777
1919,metric,D_SWAP,swapped_one_sided,1,1,0.658369,0.455865,0.168056,0.996952,0.712703,0.501566,0.968127,0.999666,6444216289996203163
2020,metric,D_SWAP,swapped_one_sided,1,1,0.0675653,0.0455476,0.391089,0.995016,0.751262,0.501144,0.968144,0.999665,14203824128266736466
2121,metric,D_SWAP,swapped_one_sided,1,1,0.39549,0.307604,0.278988,0.996274,0.742804,0.49845,0.968437,0.999666,470293244118626530
2222,metric,D_SWAP,swapped_one_sided,1,1,0.409147,0.297212,0.350934,0.997237,0.701728,0.49842,0.968517,0.999665,690806196399698726
2323,metric,D_SWAP,swapped_one_sided,1,1,0.348776,0.27714,0.231019,0.997743,0.731575,0.501294,0.9684,0.999666,16518831560136876437
2424,metric,D_SWAP,swapped_one_sided,1,1,0.665403,0.449442,0.148813,0.9983,0.735301,0.499753,0.968926,0.999665,3390124477181697281
2525,metric,D_SWAP,swapped_one_sided,1,1,0.73157,0.472003,0.134646,0.998944,0.73111,0.497689,0.968553,0.999666,1245026577677357165
2626,metric,D_SWAP,swapped_one_sided,1,1,0.0617502,0.0651107,0.24562,0.996806,0.678795,0.501541,0.968719,0.999666,869329739285468153
2727,metric,D_SWAP,swapped_one_sided,1,1,0.0444938,0.0655008,0.29382,0.997989,0.619693,0.492194,0.970829,0.999666,12780902941967493027
2828,metric,D_SWAP,swapped_one_sided,1,1,0.516532,0.373471,0.354825,0.99604,0.726944,0.496129,0.969231,0.999666,534076354844399053
2929,metric,D_SWAP,swapped_one_sided,1,1,0.629799,0.433092,0.407805,0.9964,0.737363,0.501257,0.968405,0.999666,11754423099787532076
3030,metric,D_SWAP,swapped_one_sided,1,1,0.112483,0.0979731,0.243692,0.998074,0.719143,0.503859,0.967256,0.999666,15376427095147143198
3131,metric,D_SWAP,swapped_one_sided,1,1,0.546241,0.345724,0.215545,0.997367,0.695085,0.499209,0.968514,0.999666,9994664459323176775
3232,metric,D_SWAP,swapped_one_sided,1,1,0.0965247,0.107124,0.3028,0.996208,0.691094,0.498742,0.968348,0.999665,9846777445618850379
3333,metric,D_SWAP,swapped_one_sided,1,1,0.102077,0.0929057,0.349145,0.995991,0.692716,0.501576,0.968158,0.999665,8825895997207593111
3434,metric,D_SWAP,swapped_one_sided,1,1,0.0563279,0.0611085,0.26209,0.997485,0.756734,0.496889,0.969146,0.999666,14632231646609225605
3535,metric,D_SWAP,swapped_one_sided,1,1,0.0567512,0.077452,0.385104,0.997362,0.521728,0.501419,0.968461,0.999665,2108637305347216239
3636,metric,D_SWAP,swapped_one_sided,1,1,0.288411,0.240687,0.322767,0.995996,0.653347,0.498067,0.968758,0.999666,6543343146681988703
3737,metric,D_SWAP,swapped_one_sided,1,1,0.346401,0.249902,0.454578,0.996388,0.735259,0.500107,0.968395,0.999666,16296054133293611688
3838,metric,D_SWAP,swapped_one_sided,1,1,0.308156,0.206603,0.257156,0.99709,0.794715,0.498266,0.968791,0.999666,10642942659404546619
3939,metric,D_SWAP,swapped_one_sided,1,1,0.337827,0.248073,0.240787,0.996959,0.754788,0.501933,0.968203,0.999666,6058391405990210476
4040,metric,D_SWAP,swapped_one_sided,1,1,0.309679,0.230896,0.260691,0.996192,0.706637,0.498948,0.968525,0.999666,7294425834470909113
4141,metric,D_SWAP,swapped_one_sided,1,1,0.381841,0.252085,0.25616,0.996681,0.704463,0.500325,0.968272,0.999666,11629758876801713625
4242,metric,D_SWAP,swapped_one_sided,1,1,0.0438722,0.0541025,0.409848,0.996159,0.702252,0.499119,0.968929,0.999666,17409735103770715606
4343,metric,D_SWAP,swapped_one_sided,1,1,0.394174,0.287322,0.372689,0.996752,0.698552,0.50129,0.96763,0.999666,7512600068124043673
4444,metric,D_SWAP,swapped_one_sided,1,1,0.554395,0.373147,0.231975,0.998598,0.747499,0.502893,0.967926,0.999666,9243231461731550061
4545,metric,D_SWAP,swapped_one_sided,1,1,0.601142,0.412959,0.396612,0.99616,0.706617,0.498992,0.968441,0.999666,9237439634471202478
4646,metric,D_SWAP,swapped_one_sided,1,1,0.376764,0.282827,0.0791175,0.998653,0.727615,0.499279,0.96844,0.999666,16471789423557286906
4747,metric,D_SWAP,swapped_one_sided,1,1,0.0730095,0.0709218,0.109944,0.998681,0.648177,0.500129,0.968814,0.999666,5764354274457717627
4848,metric,D_SWAP,swapped_one_sided,1,1,0.325352,0.246216,0.283134,0.997842,0.716092,0.498132,0.969151,0.999666,929370163235647485
4949,metric,D_SWAP,swapped_one_sided,1,1,0.520965,0.356545,0.207752,0.999278,0.789138,0.500008,0.96904,0.999666,7897670316852742842
5050,metric,D_SWAP,swapped_one_sided,1,1,0.103867,0.0934098,0.0791554,0.998548,0.768373,0.503708,0.967631,0.999665,8610966102261512007
5151,metric,D_SWAP,swapped_one_sided,1,1,0.177149,0.135229,0.378959,0.997758,0.701562,0.500858,0.968558,0.999665,952789433277626565
5252,metric,D_SWAP,swapped_one_sided,1,1,0.611488,0.399753,0.423693,0.995496,0.754585,0.498503,0.968806,0.999665,13493132353709333933
5353,metric,D_SWAP,swapped_one_sided,1,1,0.163391,0.144192,0.317433,0.996799,0.708887,0.49982,0.968354,0.999664,12535506671549849092
5454,metric,D_SWAP,swapped_one_sided,1,1,0.441258,0.327239,0.200766,0.998067,0.720172,0.500058,0.968719,0.999666,11508579148161379995
5555,metric,D_SWAP,swapped_one_sided,1,1,0.514337,0.357194,0.522785,0.99586,0.580851,0.498715,0.969179,0.999666,11029409976304768434
5656,metric,D_SWAP,swapped_one_sided,1,1,0.223145,0.193604,0.21121,0.997745,0.752624,0.501985,0.967417,0.999666,9835217039994277977
101,metric,Y_ABLATE,both_update,0,1,0.648384,0.460357,0.406404,0.970827,0.705251,0.497667,0.970417,0.999833,3559426015699777325
202,metric,Y_ABLATE,both_update,0,1,0.386018,0.259398,0.0812003,0.971218,0.66614,0.508333,0.968417,0.999833,8861501511035084803
303,metric,Y_ABLATE,both_update,0,1,0.168645,0.15577,0.37738,0.962843,0.67866,0.498917,0.9705,0.999833,8975225533692162084
404,metric,Y_ABLATE,both_update,0,1,0.386189,0.297639,0.296577,0.966324,0.713701,0.497,0.970417,0.999833,6408376361024084176
505,metric,Y_ABLATE,both_update,0,1,0.41959,0.305913,0.280082,0.983655,0.620262,0.50425,0.966167,0.999833,2417799959161368895
606,metric,Y_ABLATE,both_update,0,1,0.60993,0.43255,0.219773,0.959389,0.674388,0.50225,0.968667,0.999833,8501317459509533388
707,metric,Y_ABLATE,both_update,0,1,0.493902,0.330293,0.311645,0.964732,0.70541,0.5,0.969333,0.999833,15662171287071666310
808,metric,Y_ABLATE,both_update,0,1,0.33298,0.262463,0.177449,0.942899,0.705229,0.498833,0.967667,0.999833,18407015339054756915
909,metric,Y_ABLATE,both_update,0,1,0.618041,0.449095,0.399037,0.95425,0.724746,0.496917,0.970417,0.999833,4478544239149268252
1010,metric,Y_ABLATE,both_update,0,1,0.368284,0.287942,0.182441,0.962232,0.715797,0.498417,0.970167,0.999833,755190751463251717
1111,metric,Y_ABLATE,both_update,0,1,0.678656,0.510894,0.184423,0.964394,0.0474526,0.50225,0.968167,0.999833,2585996189402064103
1212,metric,Y_ABLATE,both_update,0,1,0.238906,0.185493,0.328932,0.967807,0.698781,0.497583,0.969583,0.999833,10907425003270472288
1313,metric,Y_ABLATE,both_update,0,1,0.0461385,0.0494327,0.128024,0.961377,0.699625,0.496583,0.967417,0.999833,15571437015538450152
1414,metric,Y_ABLATE,both_update,0,1,0.536513,0.348659,0.0996048,0.957161,0.749245,0.498417,0.968833,0.999833,13818401187068647710
1515,metric,Y_ABLATE,both_update,0,1,0.0880237,0.0751006,0.126495,0.95587,0.651208,0.497417,0.968083,0.999833,9520103818991610358
1616,metric,Y_ABLATE,both_update,0,1,0.566524,0.428754,0.294002,0.970741,0.705982,0.49375,0.97025,0.999833,6370879064388483270
1717,metric,Y_ABLATE,both_update,0,1,0.584773,0.365848,0.233385,0.968343,0.71516,0.50375,0.9665,0.999833,4617993730958730273
1818,metric,Y_ABLATE,both_update,0,1,0.052622,0.0590157,0.218946,0.941718,0.691205,0.501333,0.969667,0.999833,17586438532403991777
1919,metric,Y_ABLATE,both_update,0,1,0.628208,0.433182,0.130903,0.970491,0.684944,0.501167,0.968583,0.999833,6444216289996203163
2020,metric,Y_ABLATE,both_update,0,1,0.129985,0.0717273,0.335486,0.965313,0.709491,0.502083,0.967917,0.999833,14203824128266736466
2121,metric,Y_ABLATE,both_update,0,1,0.0941699,0.0773724,0.214631,0.935582,0.729687,0.497667,0.97075,0.999833,470293244118626530
2222,metric,Y_ABLATE,both_update,0,1,0.212912,0.175193,0.327054,0.970486,0.676462,0.497333,0.969083,0.999833,690806196399698726
2323,metric,Y_ABLATE,both_update,0,1,0.109018,0.104526,0.171758,0.949052,0.698125,0.503917,0.966583,0.999833,16518831560136876437
2424,metric,Y_ABLATE,both_update,0,1,0.662359,0.44913,0.129938,0.967702,0.718837,0.500667,0.9685,0.999833,3390124477181697281
2525,metric,Y_ABLATE,both_update,0,1,0.631326,0.421535,0.103118,0.966961,0.707851,0.497083,0.97025,0.999833,1245026577677357165
2626,metric,Y_ABLATE,both_update,0,1,0.0636503,0.0706232,0.217257,0.966294,0.686419,0.506917,0.96925,0.999833,869329739285468153
2727,metric,Y_ABLATE,both_update,0,1,0.042315,0.0627679,0.263304,0.977679,0.507601,0.4915,0.972,0.999833,12780902941967493027
2828,metric,Y_ABLATE,both_update,0,1,0.43554,0.344329,0.304289,0.949663,0.700886,0.491083,0.969917,0.999833,534076354844399053
2929,metric,Y_ABLATE,both_update,0,1,0.562565,0.385048,0.318725,0.965053,0.710967,0.50575,0.966167,0.999833,11754423099787532076
3030,metric,Y_ABLATE,both_update,0,1,0.0374544,0.0496109,0.177498,0.969649,0.720628,0.5045,0.967917,0.999833,15376427095147143198
3131,metric,Y_ABLATE,both_update,0,1,0.306964,0.227293,0.154643,0.974679,0.697876,0.499917,0.96875,0.999833,9994664459323176775
3232,metric,Y_ABLATE,both_update,0,1,0.0421056,0.0578327,0.249824,0.965652,0.669781,0.496167,0.970167,0.999833,9846777445618850379
3333,metric,Y_ABLATE,both_update,0,1,0.0463864,0.0443777,0.324807,0.974065,0.692702,0.49925,0.967417,0.999833,8825895997207593111
3434,metric,Y_ABLATE,both_update,0,1,0.040879,0.0504437,0.225139,0.972639,0.743154,0.49625,0.969083,0.999833,14632231646609225605
3535,metric,Y_ABLATE,both_update,0,1,0.0412759,0.0647772,0.323336,0.971374,0.508026,0.501667,0.968,0.99975,2108637305347216239
3636,metric,Y_ABLATE,both_update,0,1,0.063822,0.0727711,0.278204,0.979248,0.633757,0.494417,0.969667,0.999833,6543343146681988703
3737,metric,Y_ABLATE,both_update,0,1,0.0502741,0.0462228,0.387252,0.967254,0.716806,0.501,0.970667,0.999833,16296054133293611688
3838,metric,Y_ABLATE,both_update,0,1,0.472782,0.316713,0.198493,0.949143,0.758536,0.499333,0.969667,0.999833,10642942659404546619
3939,metric,Y_ABLATE,both_update,0,1,0.10345,0.0900254,0.22185,0.954647,0.746642,0.502333,0.966833,0.999833,6058391405990210476
4040,metric,Y_ABLATE,both_update,0,1,0.168452,0.123181,0.223278,0.954512,0.714545,0.500083,0.967083,0.999833,7294425834470909113
4141,metric,Y_ABLATE,both_update,0,1,0.0999935,0.0991916,0.196899,0.979989,0.681571,0.501,0.967,0.999833,11629758876801713625
4242,metric,Y_ABLATE,both_update,0,1,0.20848,0.163521,0.345562,0.964375,0.681261,0.49875,0.968,0.999833,17409735103770715606
4343,metric,Y_ABLATE,both_update,0,1,0.0653673,0.0843798,0.348669,0.971199,0.689571,0.501167,0.968083,0.999833,7512600068124043673
4444,metric,Y_ABLATE,both_update,0,1,0.293494,0.20617,0.192001,0.976901,0.734857,0.504667,0.96475,0.999833,9243231461731550061
4545,metric,Y_ABLATE,both_update,0,1,0.406835,0.288258,0.359583,0.951685,0.697003,0.49725,0.968833,0.999833,9237439634471202478
4646,metric,Y_ABLATE,both_update,0,1,0.110319,0.103966,0.0632612,0.969109,0.702924,0.496667,0.97,0.999833,16471789423557286906
4747,metric,Y_ABLATE,both_update,0,1,0.0544663,0.0440043,0.0858218,0.965178,0.622911,0.50375,0.96975,0.999833,5764354274457717627
4848,metric,Y_ABLATE,both_update,0,1,0.0721859,0.0640833,0.235601,0.964846,0.688464,0.5,0.968,0.999833,929370163235647485
4949,metric,Y_ABLATE,both_update,0,1,0.514105,0.355224,0.16467,0.976865,0.756124,0.507333,0.969833,0.999833,7897670316852742842
5050,metric,Y_ABLATE,both_update,0,1,0.051399,0.0428068,0.0627988,0.974557,0.759298,0.505667,0.967917,0.999833,8610966102261512007
5151,metric,Y_ABLATE,both_update,0,1,0.363619,0.263187,0.31266,0.979058,0.70808,0.503167,0.96875,0.999833,952789433277626565
5252,metric,Y_ABLATE,both_update,0,1,0.39232,0.293939,0.385035,0.955374,0.736644,0.497,0.968,0.999833,13493132353709333933
5353,metric,Y_ABLATE,both_update,0,1,0.0620299,0.0749502,0.318474,0.968415,0.657969,0.50125,0.969667,0.999833,12535506671549849092
5454,metric,Y_ABLATE,both_update,0,1,0.576515,0.423021,0.177571,0.971061,0.720254,0.503833,0.968667,0.999833,11508579148161379995
5555,metric,Y_ABLATE,both_update,0,1,0.276661,0.227459,0.462415,0.968944,0.542263,0.500417,0.969,0.999833,11029409976304768434
5656,metric,Y_ABLATE,both_update,0,1,0.0561165,0.0671475,0.157117,0.968834,0.729676,0.50125,0.96875,0.999833,9835217039994277977
101,metric,Y_HALFALPHA,both_update,1,0.5,0.480643,0.368429,0.640098,0.998449,0.789015,0.497667,0.970417,0.999833,3559426015699777325
202,metric,Y_HALFALPHA,both_update,1,0.5,0.564449,0.355086,0.237082,0.998711,0.76962,0.508333,0.968417,0.999833,8861501511035084803
303,metric,Y_HALFALPHA,both_update,1,0.5,0.143109,0.0990574,0.647059,0.997431,0.776892,0.498917,0.9705,0.999833,8975225533692162084
404,metric,Y_HALFALPHA,both_update,1,0.5,0.530089,0.352553,0.505642,0.99842,0.797438,0.497,0.970417,0.999833,6408376361024084176
505,metric,Y_HALFALPHA,both_update,1,0.5,0.573395,0.374599,0.465251,0.998692,0.727121,0.50425,0.966167,0.999833,2417799959161368895
606,metric,Y_HALFALPHA,both_update,1,0.5,0.483527,0.347495,0.455157,0.99795,0.780565,0.50225,0.968667,0.999833,8501317459509533388
707,metric,Y_HALFALPHA,both_update,1,0.5,0.614205,0.428307,0.592491,0.997887,0.803907,0.5,0.969333,0.999833,15662171287071666310
808,metric,Y_HALFALPHA,both_update,1,0.5,0.0845205,0.0439399,0.321209,0.997993,0.798541,0.498833,0.967667,0.999833,18407015339054756915
909,metric,Y_HALFALPHA,both_update,1,0.5,0.619009,0.471556,0.659516,0.997892,0.789328,0.496917,0.970417,0.999833,4478544239149268252
1010,metric,Y_HALFALPHA,both_update,1,0.5,0.510119,0.35577,0.471155,0.99837,0.82615,0.498417,0.970167,0.999833,755190751463251717
1111,metric,Y_HALFALPHA,both_update,1,0.5,0.152184,0.154695,0.394086,0.998386,0.0732149,0.50225,0.968167,0.999833,2585996189402064103
1212,metric,Y_HALFALPHA,both_update,1,0.5,0.302016,0.207659,0.548299,0.998613,0.77273,0.497583,0.969583,0.999833,10907425003270472288
1313,metric,Y_HALFALPHA,both_update,1,0.5,0.0515621,0.0524415,0.282162,0.998615,0.793548,0.496583,0.967417,0.999833,15571437015538450152
1414,metric,Y_HALFALPHA,both_update,1,0.5,0.294904,0.217595,0.263645,0.99903,0.836699,0.498417,0.968833,0.999833,13818401187068647710
1515,metric,Y_HALFALPHA,both_update,1,0.5,0.375036,0.255081,0.308329,0.998045,0.754898,0.497417,0.968083,0.999833,9520103818991610358
1616,metric,Y_HALFALPHA,both_update,1,0.5,0.580602,0.456002,0.566957,0.997456,0.781372,0.49375,0.97025,0.999833,6370879064388483270
1717,metric,Y_HALFALPHA,both_update,1,0.5,0.572749,0.370928,0.420131,0.998407,0.807951,0.50375,0.9665,0.999833,4617993730958730273
1818,metric,Y_HALFALPHA,both_update,1,0.5,0.048906,0.0520933,0.420174,0.997951,0.785119,0.501333,0.969667,0.999833,17586438532403991777
1919,metric,Y_HALFALPHA,both_update,1,0.5,0.632832,0.452455,0.296412,0.998095,0.789392,0.501167,0.968583,0.999833,6444216289996203163
2020,metric,Y_HALFALPHA,both_update,1,0.5,0.138855,0.0511976,0.620799,0.996958,0.797227,0.502083,0.967917,0.999833,14203824128266736466
2121,metric,Y_HALFALPHA,both_update,1,0.5,0.253354,0.19019,0.517103,0.997623,0.814152,0.497667,0.97075,0.999833,470293244118626530
2222,metric,Y_HALFALPHA,both_update,1,0.5,0.236426,0.189616,0.589426,0.998291,0.763051,0.497333,0.969083,0.999833,690806196399698726
2323,metric,Y_HALFALPHA,both_update,1,0.5,0.13263,0.119875,0.401535,0.998569,0.799741,0.503917,0.966583,0.999833,16518831560136876437
2424,metric,Y_HALFALPHA,both_update,1,0.5,0.544276,0.368362,0.228086,0.998942,0.823028,0.500667,0.9685,0.999833,3390124477181697281
2525,metric,Y_HALFALPHA,both_update,1,0.5,0.69739,0.453322,0.236545,0.999347,0.809596,0.497083,0.97025,0.999833,1245026577677357165
2626,metric,Y_HALFALPHA,both_update,1,0.5,0.0716188,0.0416073,0.425848,0.998052,0.780049,0.506917,0.96925,0.999833,869329739285468153
2727,metric,Y_HALFALPHA,both_update,1,0.5,0.0424843,0.0629256,0.392266,0.998747,0.580924,0.4915,0.972,0.999833,12780902941967493027
2828,metric,Y_HALFALPHA,both_update,1,0.5,0.548283,0.377288,0.583641,0.997523,0.799397,0.491083,0.969917,0.999833,534076354844399053
2929,metric,Y_HALFALPHA,both_update,1,0.5,0.593883,0.421506,0.677225,0.997767,0.795426,0.50575,0.966167,0.999833,11754423099787532076
3030,metric,Y_HALFALPHA,both_update,1,0.5,0.0503118,0.0562211,0.439282,0.998842,0.810321,0.5045,0.967917,0.999833,15376427095147143198
3131,metric,Y_HALFALPHA,both_update,1,0.5,0.501541,0.305064,0.330981,0.99843,0.770996,0.499917,0.96875,0.999833,9994664459323176775
3232,metric,Y_HALFALPHA,both_update,1,0.5,0.0429723,0.0583746,0.497303,0.997676,0.764991,0.496167,0.970167,0.999833,9846777445618850379
3333,metric,Y_HALFALPHA,both_update,1,0.5,0.0464665,0.0444012,0.593938,0.997537,0.78549,0.49925,0.967417,0.999833,8825895997207593111
3434,metric,Y_HALFALPHA,both_update,1,0.5,0.150782,0.0880054,0.485982,0.998414,0.836654,0.49625,0.969083,0.999833,14632231646609225605
3535,metric,Y_HALFALPHA,both_update,1,0.5,0.0573203,0.0691254,0.595925,0.998406,0.598827,0.501667,0.968,0.99975,2108637305347216239
3636,metric,Y_HALFALPHA,both_update,1,0.5,0.0717588,0.0779496,0.510495,0.997548,0.725334,0.494417,0.969667,0.999833,6543343146681988703
3737,metric,Y_HALFALPHA,both_update,1,0.5,0.118607,0.0723471,0.66503,0.997843,0.802669,0.501,0.970667,0.999833,16296054133293611688
3838,metric,Y_HALFALPHA,both_update,1,0.5,0.351009,0.203576,0.390348,0.998236,0.837462,0.499333,0.969667,0.999833,10642942659404546619
3939,metric,Y_HALFALPHA,both_update,1,0.5,0.127921,0.103382,0.430934,0.998129,0.834807,0.502333,0.966833,0.999833,6058391405990210476
4040,metric,Y_HALFALPHA,both_update,1,0.5,0.26314,0.163341,0.408519,0.997759,0.794722,0.500083,0.967083,0.999833,7294425834470909113
4141,metric,Y_HALFALPHA,both_update,1,0.5,0.2636,0.183941,0.49967,0.997915,0.792957,0.501,0.967,0.999833,11629758876801713625
4242,metric,Y_HALFALPHA,both_update,1,0.5,0.0639331,0.0481266,0.572548,0.997626,0.767053,0.49875,0.968,0.999833,17409735103770715606
4343,metric,Y_HALFALPHA,both_update,1,0.5,0.302396,0.199116,0.541947,0.997994,0.770769,0.501167,0.968083,0.999833,7512600068124043673
4444,metric,Y_HALFALPHA,both_update,1,0.5,0.510251,0.342344,0.334733,0.999129,0.814366,0.504667,0.96475,0.999833,9243231461731550061
4545,metric,Y_HALFALPHA,both_update,1,0.5,0.576706,0.377029,0.640345,0.997692,0.781327,0.49725,0.968833,0.999833,9237439634471202478
4646,metric,Y_HALFALPHA,both_update,1,0.5,0.210644,0.154928,0.204211,0.99919,0.812076,0.496667,0.97,0.999833,16471789423557286906
4747,metric,Y_HALFALPHA,both_update,1,0.5,0.103999,0.0300449,0.194123,0.999174,0.787511,0.50375,0.96975,0.999833,5764354274457717627
4848,metric,Y_HALFALPHA,both_update,1,0.5,0.167776,0.112971,0.442404,0.998655,0.794745,0.5,0.968,0.999833,929370163235647485
4949,metric,Y_HALFALPHA,both_update,1,0.5,0.497994,0.351864,0.381231,0.999581,0.862858,0.507333,0.969833,0.999833,7897670316852742842
5050,metric,Y_HALFALPHA,both_update,1,0.5,0.0782356,0.0586386,0.159778,0.999095,0.837758,0.505667,0.967917,0.999833,8610966102261512007
5151,metric,Y_HALFALPHA,both_update,1,0.5,0.342429,0.204004,0.622715,0.998709,0.786164,0.503167,0.96875,0.999833,952789433277626565
5252,metric,Y_HALFALPHA,both_update,1,0.5,0.568055,0.35029,0.588339,0.997308,0.817845,0.497,0.968,0.999833,13493132353709333933
5353,metric,Y_HALFALPHA,both_update,1,0.5,0.0635629,0.0762771,0.549285,0.998115,0.756947,0.50125,0.969667,0.999833,12535506671549849092
5454,metric,Y_HALFALPHA,both_update,1,0.5,0.357112,0.300733,0.32438,0.998878,0.798228,0.503833,0.968667,0.999833,11508579148161379995
5555,metric,Y_HALFALPHA,both_update,1,0.5,0.511562,0.326115,0.731041,0.997488,0.621277,0.500417,0.969,0.999833,11029409976304768434
5656,metric,Y_HALFALPHA,both_update,1,0.5,0.055399,0.065069,0.348755,0.998654,0.819602,0.50125,0.96875,0.999833,9835217039994277977
