seed,offset,N,steps,families,parity_even,parity_odd,n_edges,density,components,degree_mean,degree_sd,strength_mean,strength_sd,edge_weight_min,edge_weight_max,edge_weight_mean,edge_weight_cv,global_clustering,A_assort_unweighted,V_assort_unweighted,A_assort_weighted,V_assort_weighted,mean_abs_dA,mean_abs_dV,weighted_abs_dA,weighted_abs_dV,M_DY_minus_D_rA,M_DY_minus_D_rV
101,0,4000,12000,1000,6065,5935,4000,0.000500125031258,1,2.0,0.0,12000.0,0.0,5935.0,6065.0,6000.0,0.0108333333333,0.0,0.00300177258374,-0.00910489727411,0.00295652153256,-0.00930148348545,0.223451714736,0.187268667935,0.223438992237,0.187293882311,0.025263999999999953,-0.0006979999999999764
202,0,4000,12000,1000,6013,5987,4000,0.000500125031258,1,2.0,0.0,12000.0,0.0,5987.0,6013.0,6000.0,0.00216666666667,0.0,0.0134077968188,-0.00723680587042,0.0133459254968,-0.00722195881332,0.221095063892,0.18886303136,0.221100120739,0.188863244356,-0.19887499999999997,-0.140503
303,0,4000,12000,1000,6065,5935,4000,0.000500125031258,1,2.0,0.0,12000.0,0.0,5935.0,6065.0,6000.0,0.0108333333333,0.0,-0.00618665575533,-0.0142337781768,-0.00591846804443,-0.0138686737929,0.222267122091,0.192470683342,0.222231411553,0.192438797744,-0.188388,-0.121444
404,0,4000,12000,1000,6080,5920,4000,0.000500125031258,1,2.0,0.0,12000.0,0.0,5920.0,6080.0,6000.0,0.0133333333333,0.0,0.00729804520657,-0.0301277372097,0.00717127950874,-0.0304152791186,0.22243774518,0.188176566887,0.222450922081,0.188218190244,-0.23437000000000002,-0.10176500000000005
505,0,4000,12000,1000,5939,6061,4000,0.000500125031258,1,2.0,0.0,12000.0,0.0,5939.0,6061.0,6000.0,0.0101666666667,0.0,0.000130601727509,0.0339948783458,-9.75992538644e-05,0.0344159535805,0.222548798012,0.185104206623,0.22258303793,0.185050325424,-0.17386700000000005,-0.09773499999999996
606,0,4000,12000,1000,6048,5952,4000,0.000500125031258,1,2.0,0.0,12000.0,0.0,5952.0,6048.0,6000.0,0.008,0.0,0.0133570535804,-0.0191560330296,0.0132583166855,-0.0195401200034,0.218563619416,0.187190299419,0.21855530096,0.187231255855,0.04023500000000002,0.018705000000000027
707,0,4000,12000,1000,5886,6114,4000,0.000500125031258,1,2.0,0.0,12000.0,0.0,5886.0,6114.0,6000.0,0.019,0.0,-0.00680279538108,0.0201550264378,-0.00701872256498,0.019660017683,0.220092486479,0.188595239768,0.220120866503,0.188659085856,-0.022340000000000027,-0.033532000000000006
808,0,4000,12000,1000,5973,6027,4000,0.000500125031258,1,2.0,0.0,12000.0,0.0,5973.0,6027.0,6000.0,0.0045,0.0,0.00613784436068,0.0384919152807,0.00613995736286,0.0385329858947,0.221515335502,0.184066077351,0.221513888537,0.18406150533,0.3161884,0.21373520000000001
909,0,4000,12000,1000,5981,6019,4000,0.000500125031258,1,2.0,0.0,12000.0,0.0,5981.0,6019.0,6000.0,0.00316666666667,0.0,-0.00106902257725,0.0227147056277,-0.001019044696,0.0226767830136,0.223438702058,0.184939039516,0.223437039617,0.184943787065,-0.010464000000000029,-0.020569000000000004
1010,0,4000,12000,1000,5947,6053,4000,0.000500125031258,1,2.0,0.0,12000.0,0.0,5947.0,6053.0,6000.0,0.00883333333333,0.0,0.0326231339715,0.00284933705075,0.0326547356582,0.00289877766197,0.214407844341,0.18666244854,0.214405812072,0.186653514713,-0.19494799999999995,-0.09961500000000001
1111,0,4000,12000,1000,5989,6011,4000,0.000500125031258,1,2.0,0.0,12000.0,0.0,5989.0,6011.0,6000.0,0.00183333333333,0.0,0.00944498237165,0.0191386078889,0.00944417263494,0.0191695585319,0.222206437634,0.187811828869,0.222206376426,0.187808293317,0.539671,0.361314
1212,0,4000,12000,1000,5936,6064,4000,0.000500125031258,1,2.0,0.0,12000.0,0.0,5936.0,6064.0,6000.0,0.0106666666667,0.0,-0.00105824447417,-0.0107393401749,-0.000658453934427,-0.0105581667877,0.224534595627,0.186201003624,0.224502182298,0.186188932008,-0.22645200000000001,-0.14614900000000003
101,1,4000,12000,1000,6065,5935,4000,0.000500125031258,1,2.0,0.0,12000.0,0.0,5935.0,6065.0,6000.0,0.0108333333333,0.0,0.00125171263429,0.0153958422244,0.00122425770555,0.01552249225,0.223430912722,0.185329093828,0.223423148347,0.185310825048,0.02343799999999996,0.010907
202,1,4000,12000,1000,6013,5987,4000,0.000500125031258,1,2.0,0.0,12000.0,0.0,5987.0,6013.0,6000.0,0.00216666666667,0.0,0.00558861328869,0.00840127470074,0.00562676170789,0.00841209655071,0.222539853436,0.187260720399,0.222531653135,0.18726003159,-0.21098699999999998,-0.144241
303,1,4000,12000,1000,6065,5935,4000,0.000500125031258,1,2.0,0.0,12000.0,0.0,5935.0,6065.0,6000.0,0.0108333333333,0.0,0.0225805999633,0.00400589519008,0.0227917567426,0.00422764839243,0.219194737553,0.189986362391,0.219176525288,0.189964538981,-0.18922200000000003,-0.10775499999999999
404,1,4000,12000,1000,6080,5920,4000,0.000500125031258,1,2.0,0.0,12000.0,0.0,5920.0,6080.0,6000.0,0.0133333333333,0.0,0.0334297137654,-0.0148037621712,0.0335458094101,-0.0147535151893,0.215774203096,0.187207523025,0.215751866118,0.18722042552,-0.225003,-0.09704799999999997
505,1,4000,12000,1000,5939,6061,4000,0.000500125031258,1,2.0,0.0,12000.0,0.0,5939.0,6061.0,6000.0,0.0101666666667,0.0,0.000507356686919,0.000421055036065,0.000400584159319,0.000583938907962,0.223702128586,0.191039482594,0.223704457557,0.191027302738,-0.17229900000000004,-0.098047
606,1,4000,12000,1000,6048,5952,4000,0.000500125031258,1,2.0,0.0,12000.0,0.0,5952.0,6048.0,6000.0,0.008,0.0,-0.00894012085662,0.023059612131,-0.00887063262293,0.0229855187949,0.223702561571,0.183090800721,0.223692097262,0.18310315128,0.03456499999999996,0.021914999999999962
707,1,4000,12000,1000,5886,6114,4000,0.000500125031258,1,2.0,0.0,12000.0,0.0,5886.0,6114.0,6000.0,0.019,0.0,0.0128918175198,-0.00481766718068,0.013223535235,-0.00500265891191,0.216097306789,0.190807686824,0.216056179794,0.19083015488,-0.039862000000000064,-0.03753000000000001
808,1,4000,12000,1000,5973,6027,4000,0.000500125031258,1,2.0,0.0,12000.0,0.0,5973.0,6027.0,6000.0,0.0045,0.0,-0.00813822965935,-0.0200600464536,-0.00811709194379,-0.0201227484566,0.221328836831,0.191032602907,0.221326701037,0.191037949597,0.3215135,0.2176123
909,1,4000,12000,1000,5981,6019,4000,0.000500125031258,1,2.0,0.0,12000.0,0.0,5981.0,6019.0,6000.0,0.00316666666667,0.0,0.0136053732626,-0.00203813630015,0.0137054579106,-0.00202330760396,0.222112766034,0.188162609059,0.222101334248,0.188161885137,-0.005589000000000066,-0.02688299999999999
1010,1,4000,12000,1000,5947,6053,4000,0.000500125031258,1,2.0,0.0,12000.0,0.0,5947.0,6053.0,6000.0,0.00883333333333,0.0,-0.01121724552,-0.00294472166877,-0.011314334178,-0.00302908332548,0.218227780389,0.188372756604,0.218238215342,0.188384670882,-0.19905299999999998,-0.106402
1111,1,4000,12000,1000,5989,6011,4000,0.000500125031258,1,2.0,0.0,12000.0,0.0,5989.0,6011.0,6000.0,0.00183333333333,0.0,0.0101354437019,-0.0231081896784,0.0101533042295,-0.0231047663606,0.224693958747,0.192141670021,0.224692625843,0.19214077642,0.12260300000000002,0.06106100000000003
1212,1,4000,12000,1000,5936,6064,4000,0.000500125031258,1,2.0,0.0,12000.0,0.0,5936.0,6064.0,6000.0,0.0106666666667,0.0,-0.00260651763135,-0.000442664802476,-0.00252614136028,-0.000300219597331,0.221940096361,0.185760594667,0.221933510948,0.1857425838,-0.23507699999999998,-0.14659999999999998
101,2,4000,12000,1000,6065,5935,4000,0.000500125031258,1,2.0,0.0,12000.0,0.0,5935.0,6065.0,6000.0,0.0108333333333,0.0,1.76717684158e-05,0.0285442412065,-0.000135928964569,0.02842761142,0.22247507357,0.184082619063,0.222500926225,0.184096214027,0.05259999999999998,0.02649299999999999
202,2,4000,12000,1000,6013,5987,4000,0.000500125031258,1,2.0,0.0,12000.0,0.0,5987.0,6013.0,6000.0,0.00216666666667,0.0,0.00538903033967,-0.0139965089575,0.00537274367515,-0.0139880409218,0.222836984126,0.191535361293,0.222838186916,0.191532104734,-0.19740000000000002,-0.141876
303,2,4000,12000,1000,6065,5935,4000,0.000500125031258,1,2.0,0.0,12000.0,0.0,5935.0,6065.0,6000.0,0.0108333333333,0.0,0.0114541664911,-0.00763433734618,0.011522229041,-0.00772382755852,0.220290354955,0.190911761615,0.220285024406,0.19091003537,-0.177092,-0.125209
404,2,4000,12000,1000,6080,5920,4000,0.000500125031258,1,2.0,0.0,12000.0,0.0,5920.0,6080.0,6000.0,0.0133333333333,0.0,-0.0132432052404,-0.0200375346093,-0.0133515062346,-0.0201931336053,0.219508693856,0.187576955703,0.219501679882,0.187589574817,-0.23253900000000005,-0.09587400000000001
505,2,4000,12000,1000,5939,6061,4000,0.000500125031258,1,2.0,0.0,12000.0,0.0,5939.0,6061.0,6000.0,0.0101666666667,0.0,-0.00765616145108,-0.0141366559484,-0.00756569611053,-0.01394592443,0.223745409146,0.191970956849,0.223720332882,0.191960048695,-0.17317000000000005,-0.09818199999999999
606,2,4000,12000,1000,6048,5952,4000,0.000500125031258,1,2.0,0.0,12000.0,0.0,5952.0,6048.0,6000.0,0.008,0.0,-0.0132851441219,0.00300124565683,-0.0131275352939,0.00288609875725,0.222419032913,0.186883140373,0.222418698527,0.186888698467,0.015924999999999967,0.002796999999999994
707,2,4000,12000,1000,5886,6114,4000,0.000500125031258,1,2.0,0.0,12000.0,0.0,5886.0,6114.0,6000.0,0.019,0.0,0.0184844956961,0.0102001800448,0.0185028004111,0.010186400373,0.215380000993,0.188708249531,0.215384328943,0.188716018963,-0.03262100000000001,-0.02840400000000004
808,2,4000,12000,1000,5973,6027,4000,0.000500125031258,1,2.0,0.0,12000.0,0.0,5973.0,6027.0,6000.0,0.0045,0.0,-0.00986865858454,0.0223922350447,-0.00990245421527,0.0223651623418,0.220979772022,0.184919977844,0.220983522258,0.184923870358,0.3159766,0.2127585
909,2,4000,12000,1000,5981,6019,4000,0.000500125031258,1,2.0,0.0,12000.0,0.0,5981.0,6019.0,6000.0,0.00316666666667,0.0,0.00311561806741,-0.0304727480967,0.00317333247151,-0.0305416384231,0.223790007683,0.190596003963,0.223775647526,0.190599753503,-0.005838999999999928,-0.020489000000000035
1010,2,4000,12000,1000,5947,6053,4000,0.000500125031258,1,2.0,0.0,12000.0,0.0,5947.0,6053.0,6000.0,0.00883333333333,0.0,0.0235147881519,-0.0104259149622,0.0233690856267,-0.010428275605,0.215541703876,0.186256165327,0.215566833092,0.186240837125,-0.19184499999999993,-0.10310599999999998
1111,2,4000,12000,1000,5989,6011,4000,0.000500125031258,1,2.0,0.0,12000.0,0.0,5989.0,6011.0,6000.0,0.00183333333333,0.0,-0.00178934273764,-0.00476464822453,-0.00179185735184,-0.00477837915926,0.22423241212,0.192260302759,0.224233919469,0.192259833396,0.544387,0.36473500000000003
1212,2,4000,12000,1000,5936,6064,4000,0.000500125031258,1,2.0,0.0,12000.0,0.0,5936.0,6064.0,6000.0,0.0106666666667,0.0,0.00517329195949,0.0174482871634,0.00539771522543,0.0172209077535,0.222848383081,0.184238162165,0.222821941798,0.184274609097,-0.225865,-0.155426
101,3,4000,12000,1000,6065,5935,4000,0.000500125031258,1,2.0,0.0,12000.0,0.0,5935.0,6065.0,6000.0,0.0108333333333,0.0,0.0146620786429,-0.0150794898488,0.014615397873,-0.0150980512634,0.222114054383,0.187428153205,0.222102585692,0.187439995022,0.06570500000000001,0.025946999999999998
202,3,4000,12000,1000,6013,5987,4000,0.000500125031258,1,2.0,0.0,12000.0,0.0,5987.0,6013.0,6000.0,0.00216666666667,0.0,0.00957364583241,-0.0109790522229,0.0096073014112,-0.0109754382653,0.219927511538,0.189999813337,0.21992472131,0.189999663634,-0.207357,-0.138372
303,3,4000,12000,1000,6065,5935,4000,0.000500125031258,1,2.0,0.0,12000.0,0.0,5935.0,6065.0,6000.0,0.0108333333333,0.0,0.00987391997073,-0.0214979166429,0.00978569505145,-0.0217921812853,0.220840198836,0.193501085474,0.220855177855,0.193526033228,-0.166808,-0.14544699999999997
404,3,4000,12000,1000,6080,5920,4000,0.000500125031258,1,2.0,0.0,12000.0,0.0,5920.0,6080.0,6000.0,0.0133333333333,0.0,-0.00352011965789,-0.00620543528069,-0.00338867555081,-0.00595426555014,0.221327846248,0.187447819156,0.221315405968,0.187434105432,-0.21922600000000003,-0.09657400000000005
505,3,4000,12000,1000,5939,6061,4000,0.000500125031258,1,2.0,0.0,12000.0,0.0,5939.0,6061.0,6000.0,0.0101666666667,0.0,-0.0210797858967,-0.0472816162997,-0.0211037768099,-0.0470440692577,0.226216044785,0.193344744113,0.226222216996,0.193326894798,-0.16824499999999998,-0.10108499999999998
606,3,4000,12000,1000,6048,5952,4000,0.000500125031258,1,2.0,0.0,12000.0,0.0,5952.0,6048.0,6000.0,0.008,0.0,0.0119392805798,-0.0205195073818,0.0117434883733,-0.0205552905797,0.219615623221,0.187830318073,0.219636638896,0.187835657305,0.032976000000000005,0.010465000000000002
707,3,4000,12000,1000,5886,6114,4000,0.000500125031258,1,2.0,0.0,12000.0,0.0,5886.0,6114.0,6000.0,0.019,0.0,0.00456032521627,-0.0143690342687,0.00445245326606,-0.0137508966716,0.216784893209,0.192915476836,0.216837905619,0.192833047882,-0.03363800000000006,-0.027700000000000002
808,3,4000,12000,1000,5973,6027,4000,0.000500125031258,1,2.0,0.0,12000.0,0.0,5973.0,6027.0,6000.0,0.0045,0.0,0.00461659374721,-0.0132317878148,0.00458094972942,-0.0132143986013,0.218842808289,0.190128537738,0.218850108361,0.190120834648,0.314237,0.2088232
909,3,4000,12000,1000,5981,6019,4000,0.000500125031258,1,2.0,0.0,12000.0,0.0,5981.0,6019.0,6000.0,0.00316666666667,0.0,-0.012455964683,-0.00111467844541,-0.0124067348,-0.00109079216036,0.226581223634,0.186211263152,0.226571073857,0.186211513594,-0.009160999999999975,-0.017422999999999966
1010,3,4000,12000,1000,5947,6053,4000,0.000500125031258,1,2.0,0.0,12000.0,0.0,5947.0,6053.0,6000.0,0.00883333333333,0.0,0.0202556555831,-0.0113754883479,0.0200157463855,-0.0112913626647,0.215972012073,0.189526631031,0.21599713463,0.189520974984,-0.20231500000000002,-0.11572300000000002
1111,3,4000,12000,1000,5989,6011,4000,0.000500125031258,1,2.0,0.0,12000.0,0.0,5989.0,6011.0,6000.0,0.00183333333333,0.0,0.0116908678502,0.0383403719655,0.0117278205333,0.0383122082517,0.22270700345,0.18731620848,0.222702161918,0.187319074787,0.10625300000000004,0.04886900000000005
1212,3,4000,12000,1000,5936,6064,4000,0.000500125031258,1,2.0,0.0,12000.0,0.0,5936.0,6064.0,6000.0,0.0106666666667,0.0,-0.0298897073765,0.00765193795313,-0.0300672453334,0.00802142424124,0.226745968751,0.183909149227,0.226781165414,0.183874236534,-0.22422600000000004,-0.145534
101,4,4000,12000,1000,6065,5935,4000,0.000500125031258,1,2.0,0.0,12000.0,0.0,5935.0,6065.0,6000.0,0.0108333333333,0.0,-0.0055773800899,-0.019514839408,-0.00557497151906,-0.019337584907,0.224166418244,0.188165789398,0.224155991289,0.188151814982,0.046568000000000054,0.013673999999999964
202,4,4000,12000,1000,6013,5987,4000,0.000500125031258,1,2.0,0.0,12000.0,0.0,5987.0,6013.0,6000.0,0.00216666666667,0.0,-0.0150914374368,0.0278508916265,-0.0151449355538,0.0278663519061,0.224275458461,0.185228767986,0.224279645102,0.185229468323,-0.208061,-0.148941
303,4,4000,12000,1000,6065,5935,4000,0.000500125031258,1,2.0,0.0,12000.0,0.0,5935.0,6065.0,6000.0,0.0108333333333,0.0,-0.000808163223892,-0.00294864418983,-0.000804140097874,-0.00303299142832,0.2206326809,0.191403037187,0.220627537034,0.191426229874,-0.17156000000000002,-0.11898399999999998
404,4,4000,12000,1000,6080,5920,4000,0.000500125031258,1,2.0,0.0,12000.0,0.0,5920.0,6080.0,6000.0,0.0133333333333,0.0,-0.000563986175691,0.0175105320764,-0.000491227220594,0.0173645864419,0.221611532997,0.183819963267,0.221603129344,0.183830071742,-0.22385699999999997,-0.102819
505,4,4000,12000,1000,5939,6061,4000,0.000500125031258,1,2.0,0.0,12000.0,0.0,5939.0,6061.0,6000.0,0.0101666666667,0.0,-0.00871020340814,-0.0291347254013,-0.00863763876479,-0.0292388035033,0.224289761202,0.192880840742,0.224268553631,0.192875651434,-0.16739500000000002,-0.10063
606,4,4000,12000,1000,6048,5952,4000,0.000500125031258,1,2.0,0.0,12000.0,0.0,5952.0,6048.0,6000.0,0.008,0.0,-0.00851717449433,-0.0281997907595,-0.00863176778496,-0.0282640834127,0.221783993706,0.188394115373,0.221802987045,0.188398821691,0.025797999999999988,0.005367000000000011
707,4,4000,12000,1000,5886,6114,4000,0.000500125031258,1,2.0,0.0,12000.0,0.0,5886.0,6114.0,6000.0,0.019,0.0,-0.00511104054122,0.00793666908975,-0.004903260954,0.00784402021299,0.218808528104,0.189863794903,0.21878780048,0.189871858754,-0.038416000000000006,-0.053227000000000024
808,4,4000,12000,1000,5973,6027,4000,0.000500125031258,1,2.0,0.0,12000.0,0.0,5973.0,6027.0,6000.0,0.0045,0.0,0.0237512495556,0.00608795742435,0.0238220814055,0.00595783617142,0.216725476818,0.185584548222,0.216716259346,0.18559477646,0.3209455,0.2163619
909,4,4000,12000,1000,5981,6019,4000,0.000500125031258,1,2.0,0.0,12000.0,0.0,5981.0,6019.0,6000.0,0.00316666666667,0.0,0.045760276082,-0.00521234734702,0.0458000024074,-0.00521976775561,0.220584966728,0.186673705007,0.220578439227,0.186671581991,-0.00545299999999993,-0.027305999999999997
1010,4,4000,12000,1000,5947,6053,4000,0.000500125031258,1,2.0,0.0,12000.0,0.0,5947.0,6053.0,6000.0,0.00883333333333,0.0,0.00661623679406,-0.0227268099611,0.00659856453677,-0.0225311057232,0.216962782507,0.189360477288,0.216972975206,0.189345225711,-0.196226,-0.09951500000000002
1111,4,4000,12000,1000,5989,6011,4000,0.000500125031258,1,2.0,0.0,12000.0,0.0,5989.0,6011.0,6000.0,0.00183333333333,0.0,-0.00648683794389,-0.00484750190755,-0.00644524021705,-0.00479703979354,0.22468320459,0.190708806335,0.224679133382,0.190705042257,0.541466,0.363498
1212,4,4000,12000,1000,5936,6064,4000,0.000500125031258,1,2.0,0.0,12000.0,0.0,5936.0,6064.0,6000.0,0.0106666666667,0.0,-0.0111353693604,-0.00149776160101,-0.0113891047167,-0.00149276239286,0.22409179194,0.185202202627,0.224101257608,0.185207078109,-0.223313,-0.14873099999999997
101,5,4000,12000,1000,6065,5935,4000,0.000500125031258,1,2.0,0.0,12000.0,0.0,5935.0,6065.0,6000.0,0.0108333333333,0.0,-0.00406162782704,0.00633227721837,-0.00411100370727,0.00628573323167,0.223832858369,0.187805236575,0.223829849969,0.187817166716,0.05933100000000002,0.021056999999999992
202,5,4000,12000,1000,6013,5987,4000,0.000500125031258,1,2.0,0.0,12000.0,0.0,5987.0,6013.0,6000.0,0.00216666666667,0.0,0.0151176064901,0.00850335242098,0.0151440486118,0.0085253714199,0.220376270544,0.187987335575,0.220372409497,0.187982107581,-0.20595199999999997,-0.14007200000000003
303,5,4000,12000,1000,6065,5935,4000,0.000500125031258,1,2.0,0.0,12000.0,0.0,5935.0,6065.0,6000.0,0.0108333333333,0.0,0.00147793451421,-0.00227261122857,0.00120070650764,-0.00241675842622,0.221341106111,0.190648490957,0.221361663253,0.190671160805,-0.16559800000000002,-0.106956
404,5,4000,12000,1000,6080,5920,4000,0.000500125031258,1,2.0,0.0,12000.0,0.0,5920.0,6080.0,6000.0,0.0133333333333,0.0,-0.00616972496838,0.0226099139206,-0.00641063520277,0.0223811946219,0.220934066009,0.185013135755,0.220963992957,0.185037110914,-0.21755199999999997,-0.096991
505,5,4000,12000,1000,5939,6061,4000,0.000500125031258,1,2.0,0.0,12000.0,0.0,5939.0,6061.0,6000.0,0.0101666666667,0.0,-0.00513143001195,-0.0116113949447,-0.00506264179055,-0.0119483623233,0.224482290573,0.190947959216,0.22446833805,0.190988818889,-0.17752700000000005,-0.10006800000000005
606,5,4000,12000,1000,6048,5952,4000,0.000500125031258,1,2.0,0.0,12000.0,0.0,5952.0,6048.0,6000.0,0.008,0.0,-0.00893111525666,0.00578235077436,-0.00892684314006,0.0058618967553,0.223531803034,0.185695520764,0.22353290057,0.185695368394,0.04331499999999999,0.024668000000000023
707,5,4000,12000,1000,5886,6114,4000,0.000500125031258,1,2.0,0.0,12000.0,0.0,5886.0,6114.0,6000.0,0.019,0.0,-0.0218703492935,0.0190327597913,-0.0214148908255,0.0192310355647,0.220347035124,0.18850431225,0.220285146564,0.188520008246,-0.04020299999999999,-0.023998999999999993
808,5,4000,12000,1000,5973,6027,4000,0.000500125031258,1,2.0,0.0,12000.0,0.0,5973.0,6027.0,6000.0,0.0045,0.0,-0.0114796224918,0.00563154828802,-0.011520871164,0.00557900045869,0.219529899274,0.186519600966,0.219533532483,0.186526620587,0.322391,0.2173638
909,5,4000,12000,1000,5981,6019,4000,0.000500125031258,1,2.0,0.0,12000.0,0.0,5981.0,6019.0,6000.0,0.00316666666667,0.0,0.013220211758,0.00203384235382,0.0132462648673,0.00203703624663,0.221898788838,0.18747399683,0.221895134506,0.187474796805,-0.011619000000000046,-0.024229
1010,5,4000,12000,1000,5947,6053,4000,0.000500125031258,1,2.0,0.0,12000.0,0.0,5947.0,6053.0,6000.0,0.00883333333333,0.0,0.000973583253739,0.0209861669498,0.000825594381546,0.0208817332618,0.217896080825,0.184639657068,0.217912753882,0.18464669506,-0.18766599999999994,-0.09384700000000001
1111,5,4000,12000,1000,5989,6011,4000,0.000500125031258,1,2.0,0.0,12000.0,0.0,5989.0,6011.0,6000.0,0.00183333333333,0.0,-0.00166766814106,0.0140539742968,-0.00167778554348,0.0140016717824,0.224974948439,0.188943763159,0.224976894111,0.18894709557,0.541882,0.362019
1212,5,4000,12000,1000,5936,6064,4000,0.000500125031258,1,2.0,0.0,12000.0,0.0,5936.0,6064.0,6000.0,0.0106666666667,0.0,0.0103036860255,0.000759758418185,0.0100827257662,0.000752050433652,0.222450051737,0.18690139868,0.222487853528,0.186898316263,-0.22243200000000002,-0.146801
101,6,4000,12000,1000,6065,5935,4000,0.000500125031258,1,2.0,0.0,12000.0,0.0,5935.0,6065.0,6000.0,0.0108333333333,0.0,0.00484477924646,-0.0213469438639,0.00457711811068,-0.021515417761,0.220896521922,0.190595566318,0.220931300796,0.190603710191,0.05806500000000003,0.023517999999999983
202,6,4000,12000,1000,6013,5987,4000,0.000500125031258,1,2.0,0.0,12000.0,0.0,5987.0,6013.0,6000.0,0.00216666666667,0.0,0.0236856680718,-0.0154674611199,0.0236727901687,-0.0154208282181,0.218831766851,0.18918472682,0.21883292159,0.189181455758,-0.20269200000000004,-0.14246199999999998
303,6,4000,12000,1000,6065,5935,4000,0.000500125031258,1,2.0,0.0,12000.0,0.0,5935.0,6065.0,6000.0,0.0108333333333,0.0,-0.00567649333646,-0.0106082862184,-0.00602285373723,-0.0106017827252,0.221478329098,0.191384345483,0.221524142218,0.191384701753,-0.16441499999999998,-0.11809700000000001
404,6,4000,12000,1000,6080,5920,4000,0.000500125031258,1,2.0,0.0,12000.0,0.0,5920.0,6080.0,6000.0,0.0133333333333,0.0,-0.00769135181686,0.0079214740155,-0.00742942130215,0.00825876540417,0.222183455194,0.184580835712,0.222160505442,0.18453247188,-0.22404199999999996,-0.10747999999999996
505,6,4000,12000,1000,5939,6061,4000,0.000500125031258,1,2.0,0.0,12000.0,0.0,5939.0,6061.0,6000.0,0.0101666666667,0.0,0.0189858239285,0.031879434305,0.0189572565934,0.0319870874984,0.221824464526,0.186451841089,0.22183802856,0.186451125249,-0.177543,-0.09914200000000001
606,6,4000,12000,1000,6048,5952,4000,0.000500125031258,1,2.0,0.0,12000.0,0.0,5952.0,6048.0,6000.0,0.008,0.0,0.0129034238135,0.00902632816528,0.0128955762694,0.00902240417935,0.219811835324,0.186261663095,0.219815786996,0.186252598147,0.052153000000000005,0.022979000000000027
707,6,4000,12000,1000,5886,6114,4000,0.000500125031258,1,2.0,0.0,12000.0,0.0,5886.0,6114.0,6000.0,0.019,0.0,0.0198780413072,-0.0318602960677,0.0198374006615,-0.0323165078909,0.216918127518,0.193004817856,0.216958629691,0.193059232643,-0.03451699999999991,-0.03310000000000002
808,6,4000,12000,1000,5973,6027,4000,0.000500125031258,1,2.0,0.0,12000.0,0.0,5973.0,6027.0,6000.0,0.0045,0.0,-0.0124818870399,0.00585834447069,-0.012426135094,0.00584091959552,0.220644442075,0.186940606449,0.220639309011,0.186936915057,0.3170803,0.21428260000000002
909,6,4000,12000,1000,5981,6019,4000,0.000500125031258,1,2.0,0.0,12000.0,0.0,5981.0,6019.0,6000.0,0.00316666666667,0.0,0.0279564274465,-0.0165798925497,0.027943462196,-0.0166611582868,0.221045758814,0.188575163466,0.221048352423,0.188580582822,-0.010319999999999996,-0.02029599999999998
1010,6,4000,12000,1000,5947,6053,4000,0.000500125031258,1,2.0,0.0,12000.0,0.0,5947.0,6053.0,6000.0,0.00883333333333,0.0,6.50231383431e-05,-0.00940210738341,6.24324946909e-05,-0.00939290708823,0.218619782083,0.188144859205,0.218620903767,0.188150254624,-0.20102000000000003,-0.09706799999999999
1111,6,4000,12000,1000,5989,6011,4000,0.000500125031258,1,2.0,0.0,12000.0,0.0,5989.0,6011.0,6000.0,0.00183333333333,0.0,-0.0217301796834,0.01505081673,-0.0216970141795,0.0150832207663,0.226634557382,0.189004452117,0.226633456269,0.189001686217,0.13481100000000001,0.06620799999999999
1212,6,4000,12000,1000,5936,6064,4000,0.000500125031258,1,2.0,0.0,12000.0,0.0,5936.0,6064.0,6000.0,0.0106666666667,0.0,-0.00418231284233,0.0184067404997,-0.00421396885946,0.0183466370371,0.224331123507,0.183523255621,0.224336512606,0.183539449266,-0.23254600000000003,-0.13804200000000003
101,7,4000,12000,1000,6065,5935,4000,0.000500125031258,1,2.0,0.0,12000.0,0.0,5935.0,6065.0,6000.0,0.0108333333333,0.0,0.0501358314809,0.037481354505,0.0499751440725,0.0374993940961,0.216502340459,0.183076540246,0.216530116819,0.183070859255,0.051106000000000096,0.008152999999999966
202,7,4000,12000,1000,6013,5987,4000,0.000500125031258,1,2.0,0.0,12000.0,0.0,5987.0,6013.0,6000.0,0.00216666666667,0.0,-0.00230769085103,0.00596649112551,-0.00225649428313,0.00592426634963,0.223730561411,0.188310685642,0.223721843944,0.18831393224,-0.199021,-0.146453
303,7,4000,12000,1000,6065,5935,4000,0.000500125031258,1,2.0,0.0,12000.0,0.0,5935.0,6065.0,6000.0,0.0108333333333,0.0,-0.00948229128499,-0.0121817463271,-0.00958509453424,-0.0119463415505,0.222354413594,0.192700931591,0.222365286088,0.192664536728,-0.15987099999999999,-0.10560699999999998
404,7,4000,12000,1000,6080,5920,4000,0.000500125031258,1,2.0,0.0,12000.0,0.0,5920.0,6080.0,6000.0,0.0133333333333,0.0,0.0237883363708,0.00937862783831,0.0235705219843,0.00919003744825,0.217134752911,0.184110887079,0.217173913635,0.184124344127,-0.22612700000000002,-0.10024100000000002
505,7,4000,12000,1000,5939,6061,4000,0.000500125031258,1,2.0,0.0,12000.0,0.0,5939.0,6061.0,6000.0,0.0101666666667,0.0,-0.0341007601128,-0.0340958434551,-0.0342137128408,-0.0342708798731,0.22533181047,0.192508513764,0.225329971514,0.192529518287,-0.167315,-0.10120400000000002
606,7,4000,12000,1000,6048,5952,4000,0.000500125031258,1,2.0,0.0,12000.0,0.0,5952.0,6048.0,6000.0,0.008,0.0,-0.0141020816651,-0.00735672586051,-0.0141505760251,-0.0072628531966,0.221894709902,0.187480764463,0.221909410229,0.187468619903,0.05425099999999994,0.014271999999999951
707,7,4000,12000,1000,5886,6114,4000,0.000500125031258,1,2.0,0.0,12000.0,0.0,5886.0,6114.0,6000.0,0.019,0.0,-0.011354914592,-0.00330656033814,-0.0114173270813,-0.00341762040443,0.220640475819,0.190208813058,0.220635808738,0.190237448151,-0.04076500000000005,-0.03881499999999999
808,7,4000,12000,1000,5973,6027,4000,0.000500125031258,1,2.0,0.0,12000.0,0.0,5973.0,6027.0,6000.0,0.0045,0.0,-0.0192899587582,0.00299891923382,-0.0192565915164,0.00299847216588,0.22120818768,0.186934961303,0.221204703571,0.186939513486,0.3194307,0.2144477
909,7,4000,12000,1000,5981,6019,4000,0.000500125031258,1,2.0,0.0,12000.0,0.0,5981.0,6019.0,6000.0,0.00316666666667,0.0,-0.00640145409619,-0.0164458839998,-0.00646239916432,-0.0164867413332,0.226111217332,0.188987145828,0.226119770531,0.188991897355,-0.006381999999999999,-0.02879599999999999
1010,7,4000,12000,1000,5947,6053,4000,0.000500125031258,1,2.0,0.0,12000.0,0.0,5947.0,6053.0,6000.0,0.00883333333333,0.0,0.0229125310092,0.000863224753199,0.0226427579115,0.00110935217087,0.216233238408,0.185844293693,0.216264685241,0.185821759998,-0.18180000000000002,-0.09212400000000004
1111,7,4000,12000,1000,5989,6011,4000,0.000500125031258,1,2.0,0.0,12000.0,0.0,5989.0,6011.0,6000.0,0.00183333333333,0.0,-0.00337414215122,-0.0251463852257,-0.00335908481901,-0.0251618799483,0.224973490795,0.192815324159,0.224970476821,0.192819823832,0.541118,0.359015
1212,7,4000,12000,1000,5936,6064,4000,0.000500125031258,1,2.0,0.0,12000.0,0.0,5936.0,6064.0,6000.0,0.0106666666667,0.0,0.0038147312869,0.0339213200612,0.00366418056529,0.0337182497602,0.223386190463,0.182449927764,0.223402981255,0.182484661731,-0.221082,-0.15460999999999997
101,8,4000,12000,1000,6065,5935,4000,0.000500125031258,1,2.0,0.0,12000.0,0.0,5935.0,6065.0,6000.0,0.0108333333333,0.0,-0.01343600295,0.0265764670943,-0.0132525844977,0.0267474377761,0.225190304283,0.184341055342,0.225170022706,0.184322897422,0.05900000000000005,0.015764
202,8,4000,12000,1000,6013,5987,4000,0.000500125031258,1,2.0,0.0,12000.0,0.0,5987.0,6013.0,6000.0,0.00216666666667,0.0,-0.010486550019,-0.00344658458587,-0.0104943609151,-0.00345021675054,0.223501004791,0.188504810128,0.223500871753,0.188503900131,-0.20065399999999994,-0.14930700000000002
303,8,4000,12000,1000,6065,5935,4000,0.000500125031258,1,2.0,0.0,12000.0,0.0,5935.0,6065.0,6000.0,0.0108333333333,0.0,0.00306910769953,0.0233855457937,0.0028185538703,0.023458287682,0.220294507843,0.188037494298,0.220323309963,0.188033832303,-0.154416,-0.10902199999999998
404,8,4000,12000,1000,6080,5920,4000,0.000500125031258,1,2.0,0.0,12000.0,0.0,5920.0,6080.0,6000.0,0.0133333333333,0.0,-0.00225351684642,-0.00156115005292,-0.00252555643962,-0.00160605885077,0.220949322578,0.18625598732,0.220989626399,0.186266759602,-0.22518800000000005,-0.10956899999999997
505,8,4000,12000,1000,5939,6061,4000,0.000500125031258,1,2.0,0.0,12000.0,0.0,5939.0,6061.0,6000.0,0.0101666666667,0.0,-0.00851279542916,0.0133944838075,-0.0083364780327,0.0132844321318,0.223855846434,0.187164437524,0.22384002939,0.187164418756,-0.171398,-0.09391700000000003
606,8,4000,12000,1000,6048,5952,4000,0.000500125031258,1,2.0,0.0,12000.0,0.0,5952.0,6048.0,6000.0,0.008,0.0,0.0147818294165,-0.0218632365569,0.0148986396,-0.0217919654462,0.220210281394,0.189117210639,0.220203011826,0.189111117124,0.03329199999999999,0.012452000000000019
707,8,4000,12000,1000,5886,6114,4000,0.000500125031258,1,2.0,0.0,12000.0,0.0,5886.0,6114.0,6000.0,0.019,0.0,0.014779144954,-0.00904485429376,0.015009786636,-0.0090250146242,0.217529335151,0.191064995552,0.21749724412,0.191050148348,-0.026905999999999985,-0.05131000000000002
808,8,4000,12000,1000,5973,6027,4000,0.000500125031258,1,2.0,0.0,12000.0,0.0,5973.0,6027.0,6000.0,0.0045,0.0,0.0345534392381,-0.00424841121616,0.0346339913259,-0.00434016676252,0.217423129842,0.188022546607,0.217407218726,0.188033375018,0.3182736,0.2146701
909,8,4000,12000,1000,5981,6019,4000,0.000500125031258,1,2.0,0.0,12000.0,0.0,5981.0,6019.0,6000.0,0.00316666666667,0.0,0.0107667489264,0.0124905758868,0.0107567705641,0.0125294437632,0.220771050414,0.186553814773,0.220771708316,0.186549381432,-0.009284999999999988,-0.024005
1010,8,4000,12000,1000,5947,6053,4000,0.000500125031258,1,2.0,0.0,12000.0,0.0,5947.0,6053.0,6000.0,0.00883333333333,0.0,0.0210747315108,0.0221691293719,0.021157374479,0.0219660415739,0.215960644764,0.184342185205,0.215955473278,0.184363332163,-0.184585,-0.085115
1111,8,4000,12000,1000,5989,6011,4000,0.000500125031258,1,2.0,0.0,12000.0,0.0,5989.0,6011.0,6000.0,0.00183333333333,0.0,-0.000943652975905,0.0376685882768,-0.000967281495871,0.0376834459861,0.223809893898,0.185587059804,0.223814232324,0.185585875339,0.539838,0.36421400000000004
1212,8,4000,12000,1000,5936,6064,4000,0.000500125031258,1,2.0,0.0,12000.0,0.0,5936.0,6064.0,6000.0,0.0106666666667,0.0,0.00369008145358,0.00170711124464,0.00374548472456,0.00166703612256,0.222903371037,0.18517357399,0.222888237779,0.185172794392,-0.233787,-0.14442
101,9,4000,12000,1000,6065,5935,4000,0.000500125031258,1,2.0,0.0,12000.0,0.0,5935.0,6065.0,6000.0,0.0108333333333,0.0,0.00913419011536,0.00480062376069,0.00908617218288,0.00441914129673,0.221804458152,0.185987101225,0.22179984528,0.186038063486,0.054279999999999995,0.017635999999999985
202,9,4000,12000,1000,6013,5987,4000,0.000500125031258,1,2.0,0.0,12000.0,0.0,5987.0,6013.0,6000.0,0.00216666666667,0.0,-0.0143225967544,-0.0128021723654,-0.0143827605142,-0.012797673716,0.22360630452,0.190443523939,0.223613380407,0.190440608876,-0.20186300000000001,-0.145584
303,9,4000,12000,1000,6065,5935,4000,0.000500125031258,1,2.0,0.0,12000.0,0.0,5935.0,6065.0,6000.0,0.0108333333333,0.0,-0.0318435672774,0.0125698355087,-0.0318846826527,0.0123034699546,0.22502088053,0.189689825624,0.225030566006,0.189715533039,-0.17079199999999997,-0.11548199999999997
404,9,4000,12000,1000,6080,5920,4000,0.000500125031258,1,2.0,0.0,12000.0,0.0,5920.0,6080.0,6000.0,0.0133333333333,0.0,0.0213055607486,0.0103667905294,0.0216084179588,0.0102567180686,0.218664139611,0.184338305062,0.218621172098,0.184341698643,-0.22807899999999998,-0.09538400000000002
505,9,4000,12000,1000,5939,6061,4000,0.000500125031258,1,2.0,0.0,12000.0,0.0,5939.0,6061.0,6000.0,0.0101666666667,0.0,-0.00834133088294,-0.0392637708612,-0.00834881062312,-0.0393125642037,0.224446196043,0.193062605547,0.224453781969,0.193067311226,-0.17694300000000002,-0.09216600000000003
606,9,4000,12000,1000,6048,5952,4000,0.000500125031258,1,2.0,0.0,12000.0,0.0,5952.0,6048.0,6000.0,0.008,0.0,-0.000448351076145,0.014790773337,-0.000347928796558,0.0146007452134,0.221768282232,0.184451653765,0.221744212393,0.184452639648,0.03352200000000005,0.012375000000000025
707,9,4000,12000,1000,5886,6114,4000,0.000500125031258,1,2.0,0.0,12000.0,0.0,5886.0,6114.0,6000.0,0.019,0.0,0.025619613362,0.0227767643743,0.0252581612337,0.0227992552251,0.214844149685,0.186848387671,0.214887187346,0.186834683042,-0.03818199999999994,-0.023948000000000025
808,9,4000,12000,1000,5973,6027,4000,0.000500125031258,1,2.0,0.0,12000.0,0.0,5973.0,6027.0,6000.0,0.0045,0.0,0.00171004677365,0.0195315349524,0.00182082201295,0.0195603572434,0.218736309256,0.185889447824,0.218723862875,0.185893618423,0.3199594,0.2139364
909,9,4000,12000,1000,5981,6019,4000,0.000500125031258,1,2.0,0.0,12000.0,0.0,5981.0,6019.0,6000.0,0.00316666666667,0.0,-0.00203003445357,-0.0356031569144,-0.00204215680034,-0.0356307824024,0.225787778236,0.191570226112,0.225791614055,0.191574030181,-0.0066309999999999425,-0.022957000000000005
1010,9,4000,12000,1000,5947,6053,4000,0.000500125031258,1,2.0,0.0,12000.0,0.0,5947.0,6053.0,6000.0,0.00883333333333,0.0,-0.029928997928,-0.0291096346098,-0.0300645250109,-0.0293465738359,0.222598670859,0.190385929563,0.222609727941,0.190413886501,-0.18945800000000002,-0.09990700000000002
1111,9,4000,12000,1000,5989,6011,4000,0.000500125031258,1,2.0,0.0,12000.0,0.0,5989.0,6011.0,6000.0,0.00183333333333,0.0,0.0136897781431,0.00941000347312,0.0136924205908,0.00941291569933,0.221498448719,0.189471504673,0.22149799281,0.189471060229,0.542604,0.3631479999999999
1212,9,4000,12000,1000,5936,6064,4000,0.000500125031258,1,2.0,0.0,12000.0,0.0,5936.0,6064.0,6000.0,0.0106666666667,0.0,0.0193886946252,0.0258468101808,0.0196646273435,0.026107571874,0.219923330367,0.183646941446,0.219880967717,0.18363038676,-0.22661300000000004,-0.15173700000000004
101,10,4000,12000,1000,6065,5935,4000,0.000500125031258,1,2.0,0.0,12000.0,0.0,5935.0,6065.0,6000.0,0.0108333333333,0.0,-0.0123514189812,0.0103881474146,-0.0124754639781,0.0104082668752,0.224267371369,0.185698440653,0.224271102009,0.185699476932,0.05224399999999996,0.015071000000000001
202,10,4000,12000,1000,6013,5987,4000,0.000500125031258,1,2.0,0.0,12000.0,0.0,5987.0,6013.0,6000.0,0.00216666666667,0.0,-0.00289218034755,-0.00674352171701,-0.00285389485436,-0.00678261613044,0.223105701377,0.188440722796,0.223102154576,0.188444273986,-0.198395,-0.14738800000000002
303,10,4000,12000,1000,6065,5935,4000,0.000500125031258,1,2.0,0.0,12000.0,0.0,5935.0,6065.0,6000.0,0.0108333333333,0.0,-0.00929119561682,0.00154056921711,-0.00908227166416,0.001687202763,0.222090082154,0.191062254838,0.222067237431,0.1910458729,-0.179628,-0.109126
404,10,4000,12000,1000,6080,5920,4000,0.000500125031258,1,2.0,0.0,12000.0,0.0,5920.0,6080.0,6000.0,0.0133333333333,0.0,0.0331531015068,-0.00223220521879,0.0332391848569,-0.00229498404746,0.216150383409,0.186033904029,0.216121101327,0.186052890008,-0.22648600000000002,-0.10514599999999996
505,10,4000,12000,1000,5939,6061,4000,0.000500125031258,1,2.0,0.0,12000.0,0.0,5939.0,6061.0,6000.0,0.0101666666667,0.0,0.033555654641,-0.0123432343474,0.0335026788737,-0.012320573298,0.219804966257,0.19149992938,0.219811155926,0.19149860892,-0.16665199999999997,-0.09731000000000001
606,10,4000,12000,1000,6048,5952,4000,0.000500125031258,1,2.0,0.0,12000.0,0.0,5952.0,6048.0,6000.0,0.008,0.0,-0.010698986057,0.00344194034157,-0.0106299929034,0.00378826665597,0.223113283633,0.186062505499,0.223105598844,0.18604073858,0.03653700000000004,0.025377999999999956
707,10,4000,12000,1000,5886,6114,4000,0.000500125031258,1,2.0,0.0,12000.0,0.0,5886.0,6114.0,6000.0,0.019,0.0,-0.0052581008234,0.00185169652558,-0.00584567811802,0.00201442998878,0.219867752741,0.190703764896,0.219934995721,0.190678734077,-0.04266100000000006,-0.02451700000000001
808,10,4000,12000,1000,5973,6027,4000,0.000500125031258,1,2.0,0.0,12000.0,0.0,5973.0,6027.0,6000.0,0.0045,0.0,-0.00989592423764,0.00974661481194,-0.00990448533751,0.00975199360397,0.221025728063,0.186478076969,0.221033119775,0.186477944164,0.31018809999999997,0.21058329999999997
909,10,4000,12000,1000,5981,6019,4000,0.000500125031258,1,2.0,0.0,12000.0,0.0,5981.0,6019.0,6000.0,0.00316666666667,0.0,0.00558304089448,0.00419136764711,0.00557602327875,0.00421893660305,0.225124036062,0.186070381413,0.225125220344,0.18606722788,-0.007948000000000066,-0.021666999999999992
1010,10,4000,12000,1000,5947,6053,4000,0.000500125031258,1,2.0,0.0,12000.0,0.0,5947.0,6053.0,6000.0,0.00883333333333,0.0,0.00319582010832,0.0225702754197,0.00313280659785,0.0224995098292,0.219808475856,0.184677233588,0.219829716792,0.184682225762,-0.19125800000000004,-0.10139700000000001
1111,10,4000,12000,1000,5989,6011,4000,0.000500125031258,1,2.0,0.0,12000.0,0.0,5989.0,6011.0,6000.0,0.00183333333333,0.0,-0.0174083523927,-0.00473466588777,-0.0174180515032,-0.00473416455845,0.227682696348,0.18919715891,0.227684131651,0.189197618466,0.531474,0.354001
1212,10,4000,12000,1000,5936,6064,4000,0.000500125031258,1,2.0,0.0,12000.0,0.0,5936.0,6064.0,6000.0,0.0106666666667,0.0,0.0181306822651,0.015677809446,0.0181611313621,0.0157678746861,0.221197859228,0.183788146768,0.221202100386,0.183788469321,-0.234781,-0.14723900000000004
101,11,4000,12000,1000,6065,5935,4000,0.000500125031258,1,2.0,0.0,12000.0,0.0,5935.0,6065.0,6000.0,0.0108333333333,0.0,0.0180004556499,0.0029841511586,0.018081602368,0.00300393232221,0.222231645922,0.186061345315,0.222229308321,0.186058828254,0.03876299999999999,-0.003495000000000026
202,11,4000,12000,1000,6013,5987,4000,0.000500125031258,1,2.0,0.0,12000.0,0.0,5987.0,6013.0,6000.0,0.00216666666667,0.0,0.000322365246752,0.0346835530204,0.000262707505282,0.0346439423652,0.22375942929,0.184572032883,0.223767504243,0.184579517703,-0.20266599999999996,-0.144698
303,11,4000,12000,1000,6065,5935,4000,0.000500125031258,1,2.0,0.0,12000.0,0.0,5935.0,6065.0,6000.0,0.0108333333333,0.0,-0.0044705391695,0.00196873380226,-0.00465133134718,0.00203000547323,0.221861771045,0.19036270923,0.221878301365,0.190351240804,-0.159655,-0.113596
404,11,4000,12000,1000,6080,5920,4000,0.000500125031258,1,2.0,0.0,12000.0,0.0,5920.0,6080.0,6000.0,0.0133333333333,0.0,0.0146389255394,-0.00747853613667,0.0145166024927,-0.00723258264395,0.220655807811,0.185769151296,0.220673734649,0.185744673194,-0.21810500000000005,-0.105186
505,11,4000,12000,1000,5939,6061,4000,0.000500125031258,1,2.0,0.0,12000.0,0.0,5939.0,6061.0,6000.0,0.0101666666667,0.0,0.00905565926663,0.00317187819755,0.00887178449406,0.00316415001755,0.221706248328,0.188493217938,0.221734363305,0.188507292075,-0.16945099999999996,-0.09466600000000003
606,11,4000,12000,1000,6048,5952,4000,0.000500125031258,1,2.0,0.0,12000.0,0.0,5952.0,6048.0,6000.0,0.008,0.0,0.0208543603136,0.0250168366859,0.0208149613266,0.0249050359609,0.220002857356,0.183565006643,0.220007106384,0.183564517172,0.029787999999999926,0.008772000000000002
707,11,4000,12000,1000,5886,6114,4000,0.000500125031258,1,2.0,0.0,12000.0,0.0,5886.0,6114.0,6000.0,0.019,0.0,0.0161100107228,0.015254790875,0.0159803223905,0.0154535952383,0.217884629087,0.188924930696,0.217916547399,0.188913774112,-0.03723399999999999,-0.028503999999999974
808,11,4000,12000,1000,5973,6027,4000,0.000500125031258,1,2.0,0.0,12000.0,0.0,5973.0,6027.0,6000.0,0.0045,0.0,-0.0215735330616,0.0087124318139,-0.0215219894999,0.00884551528582,0.222496792664,0.18668791756,0.222483551356,0.186683865265,0.3223475,0.21806529999999996
909,11,4000,12000,1000,5981,6019,4000,0.000500125031258,1,2.0,0.0,12000.0,0.0,5981.0,6019.0,6000.0,0.00316666666667,0.0,-0.000185435210731,-0.0158279239262,-0.000190393177233,-0.0157815016573,0.22358593594,0.187886495535,0.223584208526,0.18788145612,-0.004963000000000051,-0.028373999999999955
1010,11,4000,12000,1000,5947,6053,4000,0.000500125031258,1,2.0,0.0,12000.0,0.0,5947.0,6053.0,6000.0,0.00883333333333,0.0,0.0149923878161,0.00105145374445,0.0150149219943,0.0011409654394,0.217624205922,0.186755624007,0.217616075676,0.186748006582,-0.18200099999999997,-0.106124
1111,11,4000,12000,1000,5989,6011,4000,0.000500125031258,1,2.0,0.0,12000.0,0.0,5989.0,6011.0,6000.0,0.00183333333333,0.0,-0.0104316992739,-0.0303482857457,-0.0104356851734,-0.0303966443346,0.226446443902,0.19425095719,0.226449788815,0.194255510879,0.142459,0.06963900000000006
1212,11,4000,12000,1000,5936,6064,4000,0.000500125031258,1,2.0,0.0,12000.0,0.0,5936.0,6064.0,6000.0,0.0106666666667,0.0,0.00993124320456,-0.00824366682731,0.0100772537614,-0.00836641308623,0.224167019735,0.187209823033,0.224148728976,0.187219254904,-0.21674699999999997,-0.15018600000000001
101,12,4000,12000,1000,6065,5935,4000,0.000500125031258,1,2.0,0.0,12000.0,0.0,5935.0,6065.0,6000.0,0.0108333333333,0.0,-0.00623557114997,-0.0263783898389,-0.00640332187724,-0.0263491254644,0.224349178174,0.189706538972,0.224347300543,0.189696565012,0.06369799999999992,0.01722600000000002
202,12,4000,12000,1000,6013,5987,4000,0.000500125031258,1,2.0,0.0,12000.0,0.0,5987.0,6013.0,6000.0,0.00216666666667,0.0,0.0147622492056,0.00141166884585,0.0147547081838,0.00143129855083,0.220913218754,0.186997631076,0.220916756366,0.186996687846,-0.204102,-0.146005
303,12,4000,12000,1000,6065,5935,4000,0.000500125031258,1,2.0,0.0,12000.0,0.0,5935.0,6065.0,6000.0,0.0108333333333,0.0,0.012435700998,-0.0165662025731,0.0124283193587,-0.0168795140994,0.218614279449,0.192784218839,0.218626687447,0.192817648808,-0.171501,-0.10717199999999999
404,12,4000,12000,1000,6080,5920,4000,0.000500125031258,1,2.0,0.0,12000.0,0.0,5920.0,6080.0,6000.0,0.0133333333333,0.0,0.00071746456937,-0.0047100416339,0.000610358424682,-0.00445815266029,0.220814929226,0.185743961617,0.220814069438,0.185715822209,-0.22544399999999998,-0.10019499999999998
505,12,4000,12000,1000,5939,6061,4000,0.000500125031258,1,2.0,0.0,12000.0,0.0,5939.0,6061.0,6000.0,0.0101666666667,0.0,0.0112461767954,-0.0104586332772,0.0112276863816,-0.0108798108143,0.221226368511,0.190679824834,0.22122373414,0.190717351146,-0.17583100000000002,-0.09701800000000005
606,12,4000,12000,1000,6048,5952,4000,0.000500125031258,1,2.0,0.0,12000.0,0.0,5952.0,6048.0,6000.0,0.008,0.0,0.00753293218971,0.00751401505195,0.00743877676011,0.00745833995484,0.222000063858,0.184818456352,0.22201080974,0.184826183711,0.005040999999999962,0.0013009999999999966
707,12,4000,12000,1000,5886,6114,4000,0.000500125031258,1,2.0,0.0,12000.0,0.0,5886.0,6114.0,6000.0,0.019,0.0,-0.00967859760439,-0.00769421371048,-0.00985310267746,-0.00821115572978,0.219925082546,0.190264160392,0.219946438961,0.190327788841,-0.04599900000000001,-0.02834299999999995
808,12,4000,12000,1000,5973,6027,4000,0.000500125031258,1,2.0,0.0,12000.0,0.0,5973.0,6027.0,6000.0,0.0045,0.0,-0.0313502833435,0.000881364131062,-0.0312040713166,0.000850454518126,0.222095003444,0.187831129782,0.222076437643,0.187832542,0.321792,0.2170174
909,12,4000,12000,1000,5981,6019,4000,0.000500125031258,1,2.0,0.0,12000.0,0.0,5981.0,6019.0,6000.0,0.00316666666667,0.0,0.0193798506416,-0.0398280925852,0.0193601623342,-0.039766037105,0.222203762041,0.191235739938,0.222201921286,0.191227413664,-0.004569000000000045,-0.029985999999999957
1010,12,4000,12000,1000,5947,6053,4000,0.000500125031258,1,2.0,0.0,12000.0,0.0,5947.0,6053.0,6000.0,0.00883333333333,0.0,-0.0139300930669,-0.0147436355458,-0.0139183301677,-0.0146483135407,0.220849820789,0.188662650321,0.220848538639,0.188647471992,-0.20013300000000006,-0.11013899999999999
1111,12,4000,12000,1000,5989,6011,4000,0.000500125031258,1,2.0,0.0,12000.0,0.0,5989.0,6011.0,6000.0,0.00183333333333,0.0,-0.00289878884124,0.0095613950396,-0.00288556304186,0.00958505185648,0.223485056402,0.190075486545,0.223484776805,0.190074551098,0.5447150000000001,0.36192899999999995
1212,12,4000,12000,1000,5936,6064,4000,0.000500125031258,1,2.0,0.0,12000.0,0.0,5936.0,6064.0,6000.0,0.0106666666667,0.0,-0.00044889962728,0.00124886167577,-0.000269367170085,0.00109508482675,0.2214441635,0.18462065845,0.221429921364,0.184644807629,-0.22266099999999997,-0.140156
101,13,4000,12000,1000,6065,5935,4000,0.000500125031258,1,2.0,0.0,12000.0,0.0,5935.0,6065.0,6000.0,0.0108333333333,0.0,0.0179289579543,0.0191258440525,0.0176521219564,0.0192174913788,0.220606538368,0.185665252499,0.22064715991,0.185650381573,0.04880399999999996,0.006564000000000014
202,13,4000,12000,1000,6013,5987,4000,0.000500125031258,1,2.0,0.0,12000.0,0.0,5987.0,6013.0,6000.0,0.00216666666667,0.0,0.0300352081382,-0.016860955931,0.0300645904314,-0.0168479428976,0.220023981626,0.189764447332,0.220021242666,0.189761034775,-0.20105300000000004,-0.14544999999999997
303,13,4000,12000,1000,6065,5935,4000,0.000500125031258,1,2.0,0.0,12000.0,0.0,5935.0,6065.0,6000.0,0.0108333333333,0.0,0.0127126755336,-0.00746092128013,0.0127178978805,-0.00730563707982,0.219476430631,0.190894573317,0.219488131174,0.190879497251,-0.18009300000000003,-0.126226
404,13,4000,12000,1000,6080,5920,4000,0.000500125031258,1,2.0,0.0,12000.0,0.0,5920.0,6080.0,6000.0,0.0133333333333,0.0,0.000362732028504,-0.0429151390223,0.000281245867872,-0.042752962361,0.22115200018,0.190626551231,0.221147877007,0.190606007346,-0.220588,-0.10059799999999997
505,13,4000,12000,1000,5939,6061,4000,0.000500125031258,1,2.0,0.0,12000.0,0.0,5939.0,6061.0,6000.0,0.0101666666667,0.0,0.00311962064126,0.0301121065196,0.00331335528635,0.0299480452765,0.221314712555,0.186903516297,0.221297110448,0.186928667583,-0.16727499999999995,-0.09836600000000001
606,13,4000,12000,1000,6048,5952,4000,0.000500125031258,1,2.0,0.0,12000.0,0.0,5952.0,6048.0,6000.0,0.008,0.0,-0.024461242503,-0.0082652045116,-0.0243630437542,-0.00826140341176,0.224321517558,0.18765292521,0.224311675084,0.187655768935,0.038119000000000014,0.011023000000000005
707,13,4000,12000,1000,5886,6114,4000,0.000500125031258,1,2.0,0.0,12000.0,0.0,5886.0,6114.0,6000.0,0.019,0.0,0.0206729775051,0.0243059910888,0.0210112608242,0.0243963778205,0.217075530032,0.187822457589,0.217030314112,0.187816432657,-0.03449500000000005,-0.028028000000000053
808,13,4000,12000,1000,5973,6027,4000,0.000500125031258,1,2.0,0.0,12000.0,0.0,5973.0,6027.0,6000.0,0.0045,0.0,-0.0389002597468,-0.021791051494,-0.0389522333275,-0.0217132180189,0.22373439771,0.190107599207,0.223732923867,0.190099195995,0.31319,0.2080779
909,13,4000,12000,1000,5981,6019,4000,0.000500125031258,1,2.0,0.0,12000.0,0.0,5981.0,6019.0,6000.0,0.00316666666667,0.0,0.0207344839845,0.00679576835435,0.0207464690527,0.00687250478556,0.221869100477,0.186050555287,0.221864762485,0.186041078906,-0.010755999999999988,-0.022921999999999998
1010,13,4000,12000,1000,5947,6053,4000,0.000500125031258,1,2.0,0.0,12000.0,0.0,5947.0,6053.0,6000.0,0.00883333333333,0.0,-0.00902511383059,0.00364084347674,-0.00888533883159,0.00375642947274,0.220699048155,0.186972734713,0.220675549577,0.186958249959,-0.19468599999999997,-0.10818
1111,13,4000,12000,1000,5989,6011,4000,0.000500125031258,1,2.0,0.0,12000.0,0.0,5989.0,6011.0,6000.0,0.00183333333333,0.0,-0.000818679785611,0.00795316792357,-0.000826934114914,0.00796574956818,0.223417764151,0.188880579851,0.22341955142,0.188880967388,0.13569900000000001,0.07129200000000002
1212,13,4000,12000,1000,5936,6064,4000,0.000500125031258,1,2.0,0.0,12000.0,0.0,5936.0,6064.0,6000.0,0.0106666666667,0.0,0.000790924270527,-0.0130399248744,0.00073386530289,-0.0127722911628,0.224096775791,0.185741335012,0.224103195835,0.185707514896,-0.21483400000000002,-0.150793
101,14,4000,12000,1000,6065,5935,4000,0.000500125031258,1,2.0,0.0,12000.0,0.0,5935.0,6065.0,6000.0,0.0108333333333,0.0,0.0157247243791,-0.00340158755916,0.0154570000188,-0.00344537066535,0.220964921015,0.188119523589,0.220986752568,0.18812558728,0.061898999999999926,0.018406000000000033
202,14,4000,12000,1000,6013,5987,4000,0.000500125031258,1,2.0,0.0,12000.0,0.0,5987.0,6013.0,6000.0,0.00216666666667,0.0,-0.0020843095777,0.00349641240793,-0.00205995786066,0.00343196253003,0.223543086979,0.188343700063,0.223539736859,0.188349510051,-0.20519200000000004,-0.138998
303,14,4000,12000,1000,6065,5935,4000,0.000500125031258,1,2.0,0.0,12000.0,0.0,5935.0,6065.0,6000.0,0.0108333333333,0.0,0.00188819712988,0.00652515390798,0.00184221006902,0.00634215847433,0.220557916509,0.189823917099,0.220564418513,0.189836189674,-0.157862,-0.10773999999999997
404,14,4000,12000,1000,6080,5920,4000,0.000500125031258,1,2.0,0.0,12000.0,0.0,5920.0,6080.0,6000.0,0.0133333333333,0.0,-0.0269601667528,0.0100612259714,-0.0271308801724,0.0101072964135,0.222103384167,0.184871096158,0.222124593507,0.184876983093,-0.22115500000000005,-0.096607
505,14,4000,12000,1000,5939,6061,4000,0.000500125031258,1,2.0,0.0,12000.0,0.0,5939.0,6061.0,6000.0,0.0101666666667,0.0,0.0156954506905,0.0407492759921,0.0155700411997,0.0405731247459,0.221222755844,0.184707510132,0.221222077853,0.184712652011,-0.16762900000000003,-0.10327700000000001
606,14,4000,12000,1000,6048,5952,4000,0.000500125031258,1,2.0,0.0,12000.0,0.0,5952.0,6048.0,6000.0,0.008,0.0,0.0131548944837,-0.0130343569607,0.0130871310637,-0.0131860532377,0.220221210166,0.188026088201,0.220225459399,0.188039830863,0.04146800000000006,0.025208000000000008
707,14,4000,12000,1000,5886,6114,4000,0.000500125031258,1,2.0,0.0,12000.0,0.0,5886.0,6114.0,6000.0,0.019,0.0,0.015448529771,-0.0115867965183,0.0158256472647,-0.0116693957399,0.216329374971,0.191799978326,0.216265048923,0.191827279675,-0.03108500000000003,-0.03673199999999999
808,14,4000,12000,1000,5973,6027,4000,0.000500125031258,1,2.0,0.0,12000.0,0.0,5973.0,6027.0,6000.0,0.0045,0.0,-0.00563926334534,-0.00308137231185,-0.00561285078034,-0.00313910819831,0.220241656144,0.187514628728,0.220242461157,0.187518897279,0.3223348,0.21816330000000003
909,14,4000,12000,1000,5981,6019,4000,0.000500125031258,1,2.0,0.0,12000.0,0.0,5981.0,6019.0,6000.0,0.00316666666667,0.0,0.00179419457501,0.0191766042518,0.00181719445938,0.0192705331923,0.223607599779,0.184169757048,0.223604205635,0.184161418368,-0.010800000000000032,-0.02560499999999999
1010,14,4000,12000,1000,5947,6053,4000,0.000500125031258,1,2.0,0.0,12000.0,0.0,5947.0,6053.0,6000.0,0.00883333333333,0.0,-0.0196059695543,0.0247662804697,-0.0197171476105,0.0247176832242,0.220709641152,0.183313332661,0.220717059237,0.183314227248,-0.19034700000000004,-0.11132599999999998
1111,14,4000,12000,1000,5989,6011,4000,0.000500125031258,1,2.0,0.0,12000.0,0.0,5989.0,6011.0,6000.0,0.00183333333333,0.0,0.00453104852734,-0.0192997924864,0.00453495811005,-0.0193006241184,0.222965354875,0.192527426216,0.22296140734,0.192527530588,0.5386650000000001,0.358185
1212,14,4000,12000,1000,5936,6064,4000,0.000500125031258,1,2.0,0.0,12000.0,0.0,5936.0,6064.0,6000.0,0.0106666666667,0.0,-0.01702523186,-0.00276753072345,-0.0166438974181,-0.00270654579406,0.224322140694,0.185149501764,0.224289971335,0.18515250946,-0.22167,-0.142286
101,15,4000,12000,1000,6065,5935,4000,0.000500125031258,1,2.0,0.0,12000.0,0.0,5935.0,6065.0,6000.0,0.0108333333333,0.0,-0.00208975422032,-0.0296240405777,-0.00210853645515,-0.0296267322864,0.22290529564,0.187446109668,0.222905591795,0.187436680331,0.05188599999999999,0.012788000000000022
202,15,4000,12000,1000,6013,5987,4000,0.000500125031258,1,2.0,0.0,12000.0,0.0,5987.0,6013.0,6000.0,0.00216666666667,0.0,-0.000173735622502,0.0216603755595,-7.07410503881e-05,0.0216295828541,0.221831175486,0.185623190815,0.221823253969,0.185629390875,-0.19787700000000003,-0.142069
303,15,4000,12000,1000,6065,5935,4000,0.000500125031258,1,2.0,0.0,12000.0,0.0,5935.0,6065.0,6000.0,0.0108333333333,0.0,0.019394342764,0.017950349375,0.0198151416271,0.0179387449767,0.218544623,0.189014371978,0.218502624538,0.189017080453,-0.16756100000000002,-0.102137
404,15,4000,12000,1000,6080,5920,4000,0.000500125031258,1,2.0,0.0,12000.0,0.0,5920.0,6080.0,6000.0,0.0133333333333,0.0,0.00535816463199,-0.000879567023588,0.00551454755186,-0.000771052970377,0.22032299678,0.187027513036,0.220316288056,0.187001179832,-0.22161799999999998,-0.10764599999999996
505,15,4000,12000,1000,5939,6061,4000,0.000500125031258,1,2.0,0.0,12000.0,0.0,5939.0,6061.0,6000.0,0.0101666666667,0.0,0.015455640447,0.00573563662968,0.0153097904721,0.00579524541989,0.221750002692,0.188991130873,0.22175538294,0.188987435263,-0.16725600000000007,-0.09837099999999999
606,15,4000,12000,1000,6048,5952,4000,0.000500125031258,1,2.0,0.0,12000.0,0.0,5952.0,6048.0,6000.0,0.008,0.0,0.0136876159423,0.0111296725453,0.0135651110017,0.0110601259909,0.221243748593,0.184518863038,0.221253294001,0.18453148766,0.053477999999999914,0.02608499999999997
707,15,4000,12000,1000,5886,6114,4000,0.000500125031258,1,2.0,0.0,12000.0,0.0,5886.0,6114.0,6000.0,0.019,0.0,0.0268881707429,0.00781045474778,0.026420197956,0.00777519506397,0.215598602054,0.189586723392,0.215642803468,0.189603410699,-0.024753999999999943,-0.03271000000000002
808,15,4000,12000,1000,5973,6027,4000,0.000500125031258,1,2.0,0.0,12000.0,0.0,5973.0,6027.0,6000.0,0.0045,0.0,0.045347533741,0.0244177844077,0.0453030891687,0.0243042318874,0.216526912266,0.186705762861,0.216531443835,0.186709146467,0.32128650000000003,0.2158509
909,15,4000,12000,1000,5981,6019,4000,0.000500125031258,1,2.0,0.0,12000.0,0.0,5981.0,6019.0,6000.0,0.00316666666667,0.0,-0.0317343129039,0.00357002306806,-0.0317598390922,0.00364389976478,0.229718009682,0.186170804484,0.229717204044,0.186160299761,-0.010348000000000024,-0.02161799999999997
1010,15,4000,12000,1000,5947,6053,4000,0.000500125031258,1,2.0,0.0,12000.0,0.0,5947.0,6053.0,6000.0,0.00883333333333,0.0,0.00589270114004,0.0380891217647,0.00582810938623,0.0382237902412,0.217954979664,0.182827743915,0.217958271765,0.182804441084,-0.196175,-0.08786100000000002
1111,15,4000,12000,1000,5989,6011,4000,0.000500125031258,1,2.0,0.0,12000.0,0.0,5989.0,6011.0,6000.0,0.00183333333333,0.0,-0.0231549739077,0.0123506684722,-0.0231367464461,0.0123645076711,0.226192266726,0.189232623822,0.226188676628,0.189232869246,0.164864,0.09079200000000004
1212,15,4000,12000,1000,5936,6064,4000,0.000500125031258,1,2.0,0.0,12000.0,0.0,5936.0,6064.0,6000.0,0.0106666666667,0.0,0.0117062766997,0.00531606358154,0.0117579024633,0.00532621369913,0.221343095295,0.183027341792,0.221345555636,0.183029577144,-0.229024,-0.15880500000000003
101,16,4000,12000,1000,6065,5935,4000,0.000500125031258,1,2.0,0.0,12000.0,0.0,5935.0,6065.0,6000.0,0.0108333333333,0.0,0.0218490275921,-0.000922013435772,0.0217878224129,-0.000762827247563,0.219580281088,0.186675283848,0.219595962522,0.186673460277,0.02100399999999991,0.0027659999999999907
202,16,4000,12000,1000,6013,5987,4000,0.000500125031258,1,2.0,0.0,12000.0,0.0,5987.0,6013.0,6000.0,0.00216666666667,0.0,0.0312253411129,0.00742610493347,0.0312392254866,0.00739767279717,0.219064460479,0.187448603139,0.219062862657,0.187450849294,-0.19848900000000003,-0.14814
303,16,4000,12000,1000,6065,5935,4000,0.000500125031258,1,2.0,0.0,12000.0,0.0,5935.0,6065.0,6000.0,0.0108333333333,0.0,0.0298790099284,0.0168694789443,0.0300205719001,0.0169268927606,0.218072966608,0.189890977696,0.218048814965,0.189889689846,-0.177902,-0.101746
404,16,4000,12000,1000,6080,5920,4000,0.000500125031258,1,2.0,0.0,12000.0,0.0,5920.0,6080.0,6000.0,0.0133333333333,0.0,0.0112487110519,0.0214410885661,0.0110880605866,0.0213762428291,0.219093990297,0.182786143464,0.219105026285,0.182782525006,-0.222748,-0.08637600000000001
505,16,4000,12000,1000,5939,6061,4000,0.000500125031258,1,2.0,0.0,12000.0,0.0,5939.0,6061.0,6000.0,0.0101666666667,0.0,0.0147346598983,0.00444849131458,0.0147122894809,0.0042056540677,0.223297402362,0.189123847717,0.223295045193,0.189152329542,-0.17806399999999994,-0.10359599999999997
606,16,4000,12000,1000,6048,5952,4000,0.000500125031258,1,2.0,0.0,12000.0,0.0,5952.0,6048.0,6000.0,0.008,0.0,0.00189661525285,-0.0288152118614,0.00179431362312,-0.0287206104547,0.22118980886,0.190517284898,0.221201386276,0.190501831828,0.03929499999999997,0.012629000000000001
707,16,4000,12000,1000,5886,6114,4000,0.000500125031258,1,2.0,0.0,12000.0,0.0,5886.0,6114.0,6000.0,0.019,0.0,0.00802678876252,0.0039794462782,0.00795824745044,0.00362239129824,0.217865243441,0.190700875623,0.217882228465,0.19073758152,-0.04083700000000001,-0.025264999999999982
808,16,4000,12000,1000,5973,6027,4000,0.000500125031258,1,2.0,0.0,12000.0,0.0,5973.0,6027.0,6000.0,0.0045,0.0,-0.00985537912372,-0.00452616634956,-0.0097935794943,-0.00453535704309,0.220249933828,0.189089175134,0.220245241455,0.189087818715,0.3169421,0.21200960000000002
909,16,4000,12000,1000,5981,6019,4000,0.000500125031258,1,2.0,0.0,12000.0,0.0,5981.0,6019.0,6000.0,0.00316666666667,0.0,0.0330142447115,0.00199530960584,0.0329676074391,0.00200788175808,0.221337012578,0.185606509898,0.221341218924,0.185605078314,-0.00746099999999994,-0.02529899999999996
1010,16,4000,12000,1000,5947,6053,4000,0.000500125031258,1,2.0,0.0,12000.0,0.0,5947.0,6053.0,6000.0,0.00883333333333,0.0,0.027936408169,0.0205592913736,0.0277161696144,0.0202499074843,0.215258855185,0.185383726435,0.215283189628,0.185409635874,-0.195033,-0.10114699999999999
1111,16,4000,12000,1000,5989,6011,4000,0.000500125031258,1,2.0,0.0,12000.0,0.0,5989.0,6011.0,6000.0,0.00183333333333,0.0,0.0150923515285,-0.003373911461,0.0151050995599,-0.00337373527002,0.221735278669,0.19070093956,0.221734996969,0.190699161724,0.133328,0.05968899999999994
1212,16,4000,12000,1000,5936,6064,4000,0.000500125031258,1,2.0,0.0,12000.0,0.0,5936.0,6064.0,6000.0,0.0106666666667,0.0,-0.0170423773805,0.017578273004,-0.0171334793865,0.0175079777548,0.224384583905,0.182797579224,0.224400993368,0.182797554622,-0.21260000000000004,-0.16895399999999997
101,17,4000,12000,1000,6065,5935,4000,0.000500125031258,1,2.0,0.0,12000.0,0.0,5935.0,6065.0,6000.0,0.0108333333333,0.0,-0.0131432691815,-0.0160117268453,-0.0134610472056,-0.0162252137678,0.223562166792,0.188567285273,0.223600266408,0.188577844481,0.04021699999999995,0.003282000000000007
202,17,4000,12000,1000,6013,5987,4000,0.000500125031258,1,2.0,0.0,12000.0,0.0,5987.0,6013.0,6000.0,0.00216666666667,0.0,-0.0223774750804,-0.000529926485995,-0.022310188872,-0.00055210825026,0.225030078366,0.188143068248,0.225020245889,0.188145731956,-0.20287399999999994,-0.144277
303,17,4000,12000,1000,6065,5935,4000,0.000500125031258,1,2.0,0.0,12000.0,0.0,5935.0,6065.0,6000.0,0.0108333333333,0.0,-0.0230871048493,-0.000553600945293,-0.0231666693501,-0.000642813313212,0.223482197886,0.191221521645,0.2234972295,0.191229082147,-0.17773500000000003,-0.11610000000000001
404,17,4000,12000,1000,6080,5920,4000,0.000500125031258,1,2.0,0.0,12000.0,0.0,5920.0,6080.0,6000.0,0.0133333333333,0.0,0.0146677707836,-0.0289129679389,0.0148011894932,-0.0290213938546,0.218430215139,0.189396556642,0.218415009524,0.189405779166,-0.21703,-0.10559099999999999
505,17,4000,12000,1000,5939,6061,4000,0.000500125031258,1,2.0,0.0,12000.0,0.0,5939.0,6061.0,6000.0,0.0101666666667,0.0,-0.00235114451384,0.0168010831405,-0.00251755080691,0.0165879457806,0.22327320807,0.187067046234,0.22329572591,0.18708486979,-0.17213100000000003,-0.09928399999999998
606,17,4000,12000,1000,6048,5952,4000,0.000500125031258,1,2.0,0.0,12000.0,0.0,5952.0,6048.0,6000.0,0.008,0.0,0.0064594571003,-0.0222412324356,0.00654617244337,-0.0220773515313,0.221362890122,0.189093683743,0.221363839935,0.189078954953,0.03228300000000006,0.017807000000000017
707,17,4000,12000,1000,5886,6114,4000,0.000500125031258,1,2.0,0.0,12000.0,0.0,5886.0,6114.0,6000.0,0.019,0.0,-0.0123889201913,0.010733444622,-0.0121851673477,0.0107347082342,0.218623739275,0.189220057414,0.218570586843,0.189243803927,-0.03256800000000004,-0.029554000000000025
808,17,4000,12000,1000,5973,6027,4000,0.000500125031258,1,2.0,0.0,12000.0,0.0,5973.0,6027.0,6000.0,0.0045,0.0,0.0101726742499,-0.00332464491862,0.0100796055611,-0.00326962992788,0.219569070587,0.188553061191,0.21958513518,0.18854832542,0.3186876,0.21486699999999997
909,17,4000,12000,1000,5981,6019,4000,0.000500125031258,1,2.0,0.0,12000.0,0.0,5981.0,6019.0,6000.0,0.00316666666667,0.0,0.0199170218858,0.00441490397517,0.0199539198959,0.00442297808809,0.221274365219,0.186032902387,0.22126975014,0.186032541382,-0.0071590000000000265,-0.025404000000000038
1010,17,4000,12000,1000,5947,6053,4000,0.000500125031258,1,2.0,0.0,12000.0,0.0,5947.0,6053.0,6000.0,0.00883333333333,0.0,-0.0021134195289,0.0315137882713,-0.00225946187555,0.0316946713732,0.219628372881,0.184580577458,0.219640688389,0.184568616997,-0.18353699999999995,-0.10022700000000001
1111,17,4000,12000,1000,5989,6011,4000,0.000500125031258,1,2.0,0.0,12000.0,0.0,5989.0,6011.0,6000.0,0.00183333333333,0.0,0.0210872888755,0.00770486561673,0.0210743550867,0.0077243610792,0.223553386541,0.189487497359,0.223553537851,0.189482866997,0.12188200000000005,0.055476000000000025
1212,17,4000,12000,1000,5936,6064,4000,0.000500125031258,1,2.0,0.0,12000.0,0.0,5936.0,6064.0,6000.0,0.0106666666667,0.0,-0.0121539311924,-0.0211708078297,-0.0120372267951,-0.0212295496446,0.22530171892,0.189062293597,0.225303821012,0.189066444291,-0.224235,-0.15377999999999997
101,18,4000,12000,1000,6065,5935,4000,0.000500125031258,1,2.0,0.0,12000.0,0.0,5935.0,6065.0,6000.0,0.0108333333333,0.0,-0.0127345497326,-0.00303901843746,-0.0128493380821,-0.00314589110079,0.22311309271,0.186172048767,0.223125912962,0.186175036286,0.05566000000000004,0.009936
202,18,4000,12000,1000,6013,5987,4000,0.000500125031258,1,2.0,0.0,12000.0,0.0,5987.0,6013.0,6000.0,0.00216666666667,0.0,-0.016854995525,-0.00706747377546,-0.0168294821979,-0.00712216648855,0.223552790624,0.189336424075,0.223548532929,0.189341348796,-0.208362,-0.14659900000000003
303,18,4000,12000,1000,6065,5935,4000,0.000500125031258,1,2.0,0.0,12000.0,0.0,5935.0,6065.0,6000.0,0.0108333333333,0.0,-0.0134188479264,-0.0129164165342,-0.0135138744921,-0.0128670612191,0.221972558165,0.191043092857,0.221982644325,0.191033226678,-0.180519,-0.11580499999999999
404,18,4000,12000,1000,6080,5920,4000,0.000500125031258,1,2.0,0.0,12000.0,0.0,5920.0,6080.0,6000.0,0.0133333333333,0.0,-0.0069515763456,-0.00592887817857,-0.00684690725063,-0.00598463974572,0.220834618416,0.185631481357,0.220826607615,0.18563802437,-0.21669299999999997,-0.10838999999999999
505,18,4000,12000,1000,5939,6061,4000,0.000500125031258,1,2.0,0.0,12000.0,0.0,5939.0,6061.0,6000.0,0.0101666666667,0.0,-0.0164951799693,-0.00242871733751,-0.0165637628595,-0.00245668652383,0.225763883449,0.190756232125,0.225774843553,0.190766227559,-0.168736,-0.09696300000000002
606,18,4000,12000,1000,6048,5952,4000,0.000500125031258,1,2.0,0.0,12000.0,0.0,5952.0,6048.0,6000.0,0.008,0.0,0.00476480498916,-0.0216224742344,0.00455752909417,-0.021694916784,0.219976516913,0.18909180092,0.219993565544,0.189096938417,0.03498199999999996,0.01924199999999998
707,18,4000,12000,1000,5886,6114,4000,0.000500125031258,1,2.0,0.0,12000.0,0.0,5886.0,6114.0,6000.0,0.019,0.0,0.00476542011016,-0.0100306765717,0.00505905918678,-0.010227873933,0.21677652501,0.191737638231,0.216702483003,0.191750434739,-0.04239599999999999,-0.024644
808,18,4000,12000,1000,5973,6027,4000,0.000500125031258,1,2.0,0.0,12000.0,0.0,5973.0,6027.0,6000.0,0.0045,0.0,0.00379561730474,0.0235071575959,0.00377897409465,0.0235666583568,0.219796662713,0.184712032685,0.219800673192,0.184705685924,0.3208926,0.2185399
909,18,4000,12000,1000,5981,6019,4000,0.000500125031258,1,2.0,0.0,12000.0,0.0,5981.0,6019.0,6000.0,0.00316666666667,0.0,0.0191625968159,0.00609434768253,0.019205288672,0.00611178574513,0.222920690628,0.187481040552,0.222916262475,0.187477954742,-0.011519999999999975,-0.02093499999999998
1010,18,4000,12000,1000,5947,6053,4000,0.000500125031258,1,2.0,0.0,12000.0,0.0,5947.0,6053.0,6000.0,0.00883333333333,0.0,-0.00186290558521,-0.0272307079569,-0.00191330887714,-0.0271053057816,0.217611470048,0.190607782833,0.217611005432,0.190589030824,-0.19028699999999998,-0.10028699999999996
1111,18,4000,12000,1000,5989,6011,4000,0.000500125031258,1,2.0,0.0,12000.0,0.0,5989.0,6011.0,6000.0,0.00183333333333,0.0,0.00769446677324,-0.00415736041512,0.00772126242124,-0.00414521032206,0.222286196838,0.189187365386,0.222280992753,0.189187636369,0.04699199999999992,0.02113100000000001
1212,18,4000,12000,1000,5936,6064,4000,0.000500125031258,1,2.0,0.0,12000.0,0.0,5936.0,6064.0,6000.0,0.0106666666667,0.0,0.00884205444874,0.0205623924492,0.00859230458786,0.0207854496066,0.223010267915,0.182122935908,0.223058864917,0.182093064787,-0.216908,-0.143807
101,19,4000,12000,1000,6065,5935,4000,0.000500125031258,1,2.0,0.0,12000.0,0.0,5935.0,6065.0,6000.0,0.0108333333333,0.0,0.0169191710528,-0.021990577594,0.0168424603841,-0.0221984262888,0.221986351165,0.189327656227,0.221998188187,0.189361700636,0.052464000000000066,0.011921999999999988
202,19,4000,12000,1000,6013,5987,4000,0.000500125031258,1,2.0,0.0,12000.0,0.0,5987.0,6013.0,6000.0,0.00216666666667,0.0,-0.0187137745687,0.0189710831937,-0.0186855144222,0.0189717252525,0.224461705442,0.186872377138,0.224458257031,0.186871676563,-0.203432,-0.143366
303,19,4000,12000,1000,6065,5935,4000,0.000500125031258,1,2.0,0.0,12000.0,0.0,5935.0,6065.0,6000.0,0.0108333333333,0.0,0.0051846392544,-0.0165772996306,0.00513118577789,-0.0164811356241,0.219456755394,0.191588141584,0.219463758573,0.191581197761,-0.17164100000000002,-0.10528699999999999
404,19,4000,12000,1000,6080,5920,4000,0.000500125031258,1,2.0,0.0,12000.0,0.0,5920.0,6080.0,6000.0,0.0133333333333,0.0,-0.0259951635241,-0.0216678701957,-0.0257756181035,-0.0216773372335,0.225209502799,0.187394683585,0.225181157744,0.187398391568,-0.22715399999999997,-0.10176099999999999
505,19,4000,12000,1000,5939,6061,4000,0.000500125031258,1,2.0,0.0,12000.0,0.0,5939.0,6061.0,6000.0,0.0101666666667,0.0,-0.00488299770718,0.00186544928715,-0.00474852753597,0.00195970446889,0.221374689385,0.189194338526,0.221360624556,0.189195472082,-0.17200200000000004,-0.08519700000000002
606,19,4000,12000,1000,6048,5952,4000,0.000500125031258,1,2.0,0.0,12000.0,0.0,5952.0,6048.0,6000.0,0.008,0.0,-0.00253899468917,0.00957085653356,-0.00255769916651,0.00946653080845,0.221929847378,0.184511104791,0.221930298809,0.184505592404,0.05208799999999991,0.011878
707,19,4000,12000,1000,5886,6114,4000,0.000500125031258,1,2.0,0.0,12000.0,0.0,5886.0,6114.0,6000.0,0.019,0.0,-0.00383631288173,0.00931954103485,-0.00389188144782,0.0095523348916,0.217962609551,0.189389380032,0.217961951338,0.189366209072,-0.031618000000000035,-0.03318199999999999
808,19,4000,12000,1000,5973,6027,4000,0.000500125031258,1,2.0,0.0,12000.0,0.0,5973.0,6027.0,6000.0,0.0045,0.0,0.0140525497265,-0.0138422441601,0.0140181406734,-0.0137206333935,0.219710034418,0.189025070317,0.219714291942,0.18901245949,0.3234159,0.21900139999999998
909,19,4000,12000,1000,5981,6019,4000,0.000500125031258,1,2.0,0.0,12000.0,0.0,5981.0,6019.0,6000.0,0.00316666666667,0.0,0.0338287313663,-0.0165790773209,0.033831348956,-0.0166089089131,0.220775536999,0.187897338125,0.220779244974,0.18789917121,-0.0068629999999999525,-0.028252
1010,19,4000,12000,1000,5947,6053,4000,0.000500125031258,1,2.0,0.0,12000.0,0.0,5947.0,6053.0,6000.0,0.00883333333333,0.0,-0.000188788717098,-0.0144986241309,0.000125589028792,-0.0144958602025,0.219261244652,0.188848032994,0.219212442532,0.188843949029,-0.197679,-0.10552
1111,19,4000,12000,1000,5989,6011,4000,0.000500125031258,1,2.0,0.0,12000.0,0.0,5989.0,6011.0,6000.0,0.00183333333333,0.0,0.0143226196427,-0.00348989443261,0.0143073293094,-0.00351089659557,0.221456741536,0.190939013357,0.221458147963,0.190940670146,0.537886,0.35869799999999996
1212,19,4000,12000,1000,5936,6064,4000,0.000500125031258,1,2.0,0.0,12000.0,0.0,5936.0,6064.0,6000.0,0.0106666666667,0.0,0.0133305855273,0.00269559950824,0.0133594421636,0.00284123903817,0.219881495342,0.186429539167,0.219876637199,0.186424331129,-0.23588900000000002,-0.14945
101,20,4000,12000,1000,6065,5935,4000,0.000500125031258,1,2.0,0.0,12000.0,0.0,5935.0,6065.0,6000.0,0.0108333333333,0.0,0.0146484592506,0.00706955462657,0.0147868325375,0.00697082416405,0.222501296759,0.186833876207,0.222487074082,0.186842057375,0.061860000000000026,0.01328600000000002
202,20,4000,12000,1000,6013,5987,4000,0.000500125031258,1,2.0,0.0,12000.0,0.0,5987.0,6013.0,6000.0,0.00216666666667,0.0,-0.0282946848495,0.0117526990187,-0.0282894842601,0.0116859212255,0.22434789548,0.188213605682,0.224345644602,0.188219629501,-0.20588700000000004,-0.14816399999999996
303,20,4000,12000,1000,6065,5935,4000,0.000500125031258,1,2.0,0.0,12000.0,0.0,5935.0,6065.0,6000.0,0.0108333333333,0.0,0.0407875814365,-0.00646792835425,0.0405030107294,-0.00654546484138,0.215800830127,0.190033321894,0.215827855503,0.190047475341,-0.18253499999999998,-0.119536
404,20,4000,12000,1000,6080,5920,4000,0.000500125031258,1,2.0,0.0,12000.0,0.0,5920.0,6080.0,6000.0,0.0133333333333,0.0,0.00714000718214,0.0172570154603,0.00743098001818,0.0169913145241,0.219191513388,0.183679789859,0.219151817196,0.183708266099,-0.22103100000000003,-0.111099
505,20,4000,12000,1000,5939,6061,4000,0.000500125031258,1,2.0,0.0,12000.0,0.0,5939.0,6061.0,6000.0,0.0101666666667,0.0,-0.0117591801945,0.0188910015724,-0.0119016473446,0.018916238327,0.225965934921,0.187179193647,0.225990105354,0.18718303081,-0.172755,-0.09731100000000004
606,20,4000,12000,1000,6048,5952,4000,0.000500125031258,1,2.0,0.0,12000.0,0.0,5952.0,6048.0,6000.0,0.008,0.0,0.00338587908689,0.00698975554934,0.00324964732794,0.00706120364489,0.220839706774,0.185931179744,0.220852069123,0.18593130917,0.04199600000000003,0.02061099999999999
707,20,4000,12000,1000,5886,6114,4000,0.000500125031258,1,2.0,0.0,12000.0,0.0,5886.0,6114.0,6000.0,0.019,0.0,-0.0314612530557,-0.0277103342507,-0.0312319851299,-0.0276028254281,0.222560690351,0.194298863115,0.222545880161,0.194313062797,-0.032995,-0.024624999999999952
808,20,4000,12000,1000,5973,6027,4000,0.000500125031258,1,2.0,0.0,12000.0,0.0,5973.0,6027.0,6000.0,0.0045,0.0,-0.000272046025166,0.00651791669169,-0.000280810394014,0.0064114337294,0.220200035665,0.188163091111,0.220200630885,0.18817984665,0.31988150000000004,0.21550550000000002
909,20,4000,12000,1000,5981,6019,4000,0.000500125031258,1,2.0,0.0,12000.0,0.0,5981.0,6019.0,6000.0,0.00316666666667,0.0,8.10166867967e-05,-0.0098479567334,0.000102708289587,-0.00983175649614,0.223344186958,0.187272727647,0.223341456986,0.187271573315,-0.00458600000000009,-0.02333400000000002
1010,20,4000,12000,1000,5947,6053,4000,0.000500125031258,1,2.0,0.0,12000.0,0.0,5947.0,6053.0,6000.0,0.00883333333333,0.0,-0.00928640360041,-0.00583197236886,-0.0095325260616,-0.00601488736346,0.220240761145,0.187478130826,0.220251646842,0.187497713725,-0.19089099999999998,-0.09346399999999999
1111,20,4000,12000,1000,5989,6011,4000,0.000500125031258,1,2.0,0.0,12000.0,0.0,5989.0,6011.0,6000.0,0.00183333333333,0.0,-0.0190449066064,0.0133317420117,-0.0190198059402,0.013415819708,0.22622266532,0.189936139679,0.226221558759,0.189928620358,0.543077,0.361523
1212,20,4000,12000,1000,5936,6064,4000,0.000500125031258,1,2.0,0.0,12000.0,0.0,5936.0,6064.0,6000.0,0.0106666666667,0.0,0.0078266426685,-0.0107261853097,0.00789559140101,-0.0109819212534,0.222830560869,0.185925665445,0.2228267126,0.185954862167,-0.24006299999999997,-0.15636499999999998
101,21,4000,12000,1000,6065,5935,4000,0.000500125031258,1,2.0,0.0,12000.0,0.0,5935.0,6065.0,6000.0,0.0108333333333,0.0,-0.00019741924359,-0.00310462034179,-0.000377868543004,-0.00307210627239,0.222915557779,0.187264575205,0.222931412228,0.187263218664,0.03294200000000003,-0.003218999999999972
202,21,4000,12000,1000,6013,5987,4000,0.000500125031258,1,2.0,0.0,12000.0,0.0,5987.0,6013.0,6000.0,0.00216666666667,0.0,-0.00729786919136,-0.0141360584308,-0.00730966157253,-0.0141902453377,0.223955240098,0.190443423135,0.223958308203,0.190450688807,-0.20453499999999997,-0.14747900000000003
303,21,4000,12000,1000,6065,5935,4000,0.000500125031258,1,2.0,0.0,12000.0,0.0,5935.0,6065.0,6000.0,0.0108333333333,0.0,-0.0136075498889,0.0127303178605,-0.0134002151112,0.0127979703786,0.222315003271,0.190781980058,0.222287673776,0.19077971879,-0.14191999999999996,-0.11947699999999997
404,21,4000,12000,1000,6080,5920,4000,0.000500125031258,1,2.0,0.0,12000.0,0.0,5920.0,6080.0,6000.0,0.0133333333333,0.0,-0.00185516350174,0.0157747800717,-0.00201250900508,0.0154049299909,0.22121528119,0.183886431082,0.221248334247,0.183938624768,-0.22413100000000002,-0.10993799999999998
505,21,4000,12000,1000,5939,6061,4000,0.000500125031258,1,2.0,0.0,12000.0,0.0,5939.0,6061.0,6000.0,0.0101666666667,0.0,0.0192302296556,-0.0028356276202,0.0189400199309,-0.00309027710964,0.222085072499,0.189838282427,0.222103789758,0.189859056142,-0.17714100000000005,-0.09198800000000001
606,21,4000,12000,1000,6048,5952,4000,0.000500125031258,1,2.0,0.0,12000.0,0.0,5952.0,6048.0,6000.0,0.008,0.0,-0.00852711506975,0.030850116568,-0.00844706663989,0.0307776101449,0.222546508502,0.181926077763,0.222549041046,0.181929961298,0.04133100000000001,0.01832800000000001
707,21,4000,12000,1000,5886,6114,4000,0.000500125031258,1,2.0,0.0,12000.0,0.0,5886.0,6114.0,6000.0,0.019,0.0,-0.0194878200448,0.00156321804767,-0.0195501198312,0.00145099691973,0.222402908701,0.190131538115,0.222418422128,0.190135371592,-0.03350400000000009,-0.032631999999999994
808,21,4000,12000,1000,5973,6027,4000,0.000500125031258,1,2.0,0.0,12000.0,0.0,5973.0,6027.0,6000.0,0.0045,0.0,-0.0260283371834,0.00981184652029,-0.0260050882188,0.00968940165759,0.222115284756,0.186671630483,0.222111445005,0.186684294419,0.3231994,0.21885540000000003
909,21,4000,12000,1000,5981,6019,4000,0.000500125031258,1,2.0,0.0,12000.0,0.0,5981.0,6019.0,6000.0,0.00316666666667,0.0,-0.0414487585704,0.00817614792475,-0.0413896014528,0.00813558112993,0.227645337143,0.186844659922,0.227636490749,0.186848401098,-0.0022280000000000078,-0.028510000000000035
1010,21,4000,12000,1000,5947,6053,4000,0.000500125031258,1,2.0,0.0,12000.0,0.0,5947.0,6053.0,6000.0,0.00883333333333,0.0,0.00021494430717,0.0272816337431,0.000315417250295,0.0272644447414,0.219118854299,0.184503632232,0.219095085284,0.184506230726,-0.18812999999999996,-0.10000000000000003
1111,21,4000,12000,1000,5989,6011,4000,0.000500125031258,1,2.0,0.0,12000.0,0.0,5989.0,6011.0,6000.0,0.00183333333333,0.0,-0.00594448653497,-0.0368523175817,-0.00596074737242,-0.0368516819905,0.224940368057,0.193870919341,0.224942485078,0.19386986856,0.543858,0.35965900000000006
1212,21,4000,12000,1000,5936,6064,4000,0.000500125031258,1,2.0,0.0,12000.0,0.0,5936.0,6064.0,6000.0,0.0106666666667,0.0,0.0115466504805,0.00333425862931,0.0116668258549,0.00321994079821,0.221904617638,0.186675091941,0.22188692301,0.186683337761,-0.23201500000000003,-0.156034
101,22,4000,12000,1000,6065,5935,4000,0.000500125031258,1,2.0,0.0,12000.0,0.0,5935.0,6065.0,6000.0,0.0108333333333,0.0,0.00111631552408,0.0123143025179,0.000940657850538,0.0121891782412,0.222650380049,0.18482203659,0.222655434237,0.184814508948,0.061253,0.024209999999999954
202,22,4000,12000,1000,6013,5987,4000,0.000500125031258,1,2.0,0.0,12000.0,0.0,5987.0,6013.0,6000.0,0.00216666666667,0.0,-0.0130513360247,0.013189615082,-0.0130711603556,0.013149115247,0.225683222916,0.187472678009,0.225682406865,0.187474989519,-0.20184500000000005,-0.13955799999999996
303,22,4000,12000,1000,6065,5935,4000,0.000500125031258,1,2.0,0.0,12000.0,0.0,5935.0,6065.0,6000.0,0.0108333333333,0.0,-0.00515779306548,-0.00458601515754,-0.00514650819432,-0.00455575106598,0.223240037207,0.191678610854,0.223239479678,0.191665799281,-0.157608,-0.10695199999999999
404,22,4000,12000,1000,6080,5920,4000,0.000500125031258,1,2.0,0.0,12000.0,0.0,5920.0,6080.0,6000.0,0.0133333333333,0.0,0.0110138790366,-0.00258123077338,0.0111038140539,-0.00251412629356,0.219909494165,0.186463016261,0.219900886253,0.186447812723,-0.21676800000000002,-0.11327799999999999
505,22,4000,12000,1000,5939,6061,4000,0.000500125031258,1,2.0,0.0,12000.0,0.0,5939.0,6061.0,6000.0,0.0101666666667,0.0,-0.00384743781102,0.00113318136321,-0.00373603237764,0.000676589424701,0.221621533272,0.189716956996,0.221604811689,0.189765261612,-0.16716599999999998,-0.11324499999999998
606,22,4000,12000,1000,6048,5952,4000,0.000500125031258,1,2.0,0.0,12000.0,0.0,5952.0,6048.0,6000.0,0.008,0.0,-0.0109026457244,-0.0277823323447,-0.0107978246812,-0.0278155135199,0.223262651694,0.189764738804,0.223258898188,0.189767786895,0.03390599999999999,0.014475999999999989
707,22,4000,12000,1000,5886,6114,4000,0.000500125031258,1,2.0,0.0,12000.0,0.0,5886.0,6114.0,6000.0,0.019,0.0,0.0323484532165,-0.0135193584761,0.0320410145952,-0.0138351183518,0.21612139959,0.191846072401,0.216147533631,0.191886834955,-0.04026299999999994,-0.03679300000000002
808,22,4000,12000,1000,5973,6027,4000,0.000500125031258,1,2.0,0.0,12000.0,0.0,5973.0,6027.0,6000.0,0.0045,0.0,-0.0209623427448,-0.0136048351706,-0.0208387678267,-0.0135799459238,0.223153980756,0.188299371567,0.223147276176,0.188297974917,0.3240597,0.2184994
909,22,4000,12000,1000,5981,6019,4000,0.000500125031258,1,2.0,0.0,12000.0,0.0,5981.0,6019.0,6000.0,0.00316666666667,0.0,0.0273915844925,0.00477772970287,0.0273804063947,0.00473693272961,0.222467284201,0.187386406342,0.222470062899,0.187389793073,-0.00647399999999998,-0.02455999999999997
1010,22,4000,12000,1000,5947,6053,4000,0.000500125031258,1,2.0,0.0,12000.0,0.0,5947.0,6053.0,6000.0,0.00883333333333,0.0,0.00302021916902,0.0176363948941,0.0030972673856,0.0178499959589,0.220059164678,0.186419730243,0.220052069855,0.186398912682,-0.18939999999999996,-0.10421400000000003
1111,22,4000,12000,1000,5989,6011,4000,0.000500125031258,1,2.0,0.0,12000.0,0.0,5989.0,6011.0,6000.0,0.00183333333333,0.0,-0.0172256815893,0.00753572777383,-0.0172856466546,0.00752394069034,0.226249959753,0.188901841734,0.226257475557,0.188904605367,0.543023,0.36579799999999996
1212,22,4000,12000,1000,5936,6064,4000,0.000500125031258,1,2.0,0.0,12000.0,0.0,5936.0,6064.0,6000.0,0.0106666666667,0.0,0.0161041134788,0.00606164140119,0.0164902217801,0.00595576066297,0.221506660399,0.184727062462,0.221479364282,0.184742640846,-0.231469,-0.13684900000000003
101,23,4000,12000,1000,6065,5935,4000,0.000500125031258,1,2.0,0.0,12000.0,0.0,5935.0,6065.0,6000.0,0.0108333333333,0.0,-0.0229125375861,-0.0199640932679,-0.0228578594326,-0.0198375518439,0.227101012593,0.189832207213,0.227102460938,0.189824374793,0.053993999999999986,0.016424999999999967
202,23,4000,12000,1000,6013,5987,4000,0.000500125031258,1,2.0,0.0,12000.0,0.0,5987.0,6013.0,6000.0,0.00216666666667,0.0,0.0155120381222,-0.0191166826809,0.0154970411289,-0.0191298911643,0.220739581603,0.18825298616,0.220742302623,0.18825321048,-0.19974300000000006,-0.15382399999999996
303,23,4000,12000,1000,6065,5935,4000,0.000500125031258,1,2.0,0.0,12000.0,0.0,5935.0,6065.0,6000.0,0.0108333333333,0.0,0.0051107829524,-0.00361806933556,0.00483609276141,-0.00355447847876,0.21916778337,0.191624042148,0.219198439536,0.191629929672,-0.17826999999999998,-0.10658899999999999
404,23,4000,12000,1000,6080,5920,4000,0.000500125031258,1,2.0,0.0,12000.0,0.0,5920.0,6080.0,6000.0,0.0133333333333,0.0,0.00813395823477,0.0126016248717,0.00849282712468,0.0125131458525,0.219869729947,0.18367689784,0.219831750466,0.183676531648,-0.22508499999999998,-0.10217999999999999
505,23,4000,12000,1000,5939,6061,4000,0.000500125031258,1,2.0,0.0,12000.0,0.0,5939.0,6061.0,6000.0,0.0101666666667,0.0,-0.00702962758647,-0.00623536523477,-0.0073424627514,-0.00599188332268,0.222643667667,0.190100678628,0.2226829246,0.19007373415,-0.18129699999999999,-0.09792000000000001
606,23,4000,12000,1000,6048,5952,4000,0.000500125031258,1,2.0,0.0,12000.0,0.0,5952.0,6048.0,6000.0,0.008,0.0,0.00235971646748,-0.0196153632596,0.00257345428757,-0.0195050727938,0.220495485291,0.18667659898,0.220485336091,0.186659972864,0.03842000000000001,0.021957999999999978
707,23,4000,12000,1000,5886,6114,4000,0.000500125031258,1,2.0,0.0,12000.0,0.0,5886.0,6114.0,6000.0,0.019,0.0,0.00393416450078,-0.0088595268474,0.00407215598924,-0.00917820336295,0.217654675289,0.190846797957,0.217618722414,0.190877040569,-0.04104799999999997,-0.026714000000000016
808,23,4000,12000,1000,5973,6027,4000,0.000500125031258,1,2.0,0.0,12000.0,0.0,5973.0,6027.0,6000.0,0.0045,0.0,-0.00611257943032,0.0138242612791,-0.00608687483098,0.0137911260342,0.221585234058,0.18563733117,0.221578000723,0.185646899504,0.3063642,0.20708429999999997
909,23,4000,12000,1000,5981,6019,4000,0.000500125031258,1,2.0,0.0,12000.0,0.0,5981.0,6019.0,6000.0,0.00316666666667,0.0,0.00756348684994,-0.0236690636647,0.00758800457447,-0.0237495126377,0.22415403516,0.190007633511,0.224147603796,0.190016404877,-0.0044039999999999635,-0.026927000000000034
1010,23,4000,12000,1000,5947,6053,4000,0.000500125031258,1,2.0,0.0,12000.0,0.0,5947.0,6053.0,6000.0,0.00883333333333,0.0,-0.0271494827855,-0.0109721417265,-0.0269236822483,-0.0110899844115,0.222056295015,0.188554564929,0.222028605811,0.188560201952,-0.185508,-0.099329
1111,23,4000,12000,1000,5989,6011,4000,0.000500125031258,1,2.0,0.0,12000.0,0.0,5989.0,6011.0,6000.0,0.00183333333333,0.0,-0.0128761157045,-0.000660629708276,-0.0128374697381,-0.000591980018632,0.226837167575,0.190778951313,0.226832581979,0.190772357761,0.12092000000000003,0.05952999999999997
1212,23,4000,12000,1000,5936,6064,4000,0.000500125031258,1,2.0,0.0,12000.0,0.0,5936.0,6064.0,6000.0,0.0106666666667,0.0,-0.0146690441386,-0.000661158949761,-0.0143431113133,-0.000650013020098,0.225275880454,0.185142580644,0.225240309263,0.185132834275,-0.22861299999999998,-0.16026
